# Hayrat'ta anlama göre farklı yazılan kelimeler (eşsesli; Zahir onayı 10 Ekim 2026). Bağlam kuralı/bağlam sözlüğü adayları.
# Kaynak: tools/cift_yazim.py. Biçim: kelime<TAB>yazımlar (boşlukla)
arz	ارض عرض
arza	ارضە عرضە
kat	قات قطع
bel	بل بلع
kal	قال قلع
mesh	مسح مسخ
azm	عظم عزم
yazın	یازڭ یازین
kışın	قیشڭ قیشین
karın	قارڭ قارین
halka	خلقە حلقە
hisse	حصّە حسّە
un	ڭ اون
âna	آنە آڭا
et	ایت ات
yer	یر ییر
yerler	یرلر ییرلر
yedi	یدی ییدی
de	دە دی
dur	طور در
gül	كل كول
güle	كُلَە كولە
dil	دیل دل
kara	قرە قارە
kaba	قبا قابە
basar	بصر باصار
dersin	دیرسڭ درسڭ
derdi	دردی دیردی
derdim	دیردم دردم
başla	باشلا باشلە
başlar	باشلار باشلر
başlarım	باشلرم باشلارم
topla	طوپلا طوپلە
altından	آلتندن آلتوندن
altını	آلتونی آلتنی
kaplar	قاپلار قاپلر
bağlar	باغلار باغلر
yemiş	یمیش ییمش
yemişler	یمیشلر ییمشلر
çekmem	چكمم چكمەم
karışma	قاریشما قاریشمە
çağırma	چاغیرما چاغیرمە
hâlî	خالی حالی
esîr	اسیر اثیر
havâs	خواص حواس
havâssı	حواسّی خواصّی
ifhâm	افهام افحام
iskāt	اسقاط اسكات
sâika	صاعقە سائقە
sevr	ثور سَوْرْ
arş	عرش آرش
hudâ	خدا خداع
sun	صنع صون
müctehidîn	مجتهدین مجتهدڭ
