# Sözlük düzeltmeleri: ottoman_dict.tsv'den SONRA okunur, aynı anahtarı ezer. Sözlükteki doğru kayıtlara dokunulmaz.
# 1) Türkçe kelimeyle çakışan kayıtlar (ör. sözlükteki "bak" Farsça bâk (korku) içindi; Türkçe "bak-" fiili باق;
#    Farsça kelime "bâk" anahtarıyla duruyor). Şapkalı asıl kelime yoksa burada şapkalı hâliyle korunur (hâkdan).
# 2) Sözlükte hiç olmayan sık kelimeler (miktar, mükâşefe, muhakkik, takip).
# Biçim: latin<TAB>osmanlıca<TAB>köken
iki	ایكی	tr
ikinci	ایكنجی	tr
bak	باق	tr
kuşku	قوشقو	tr
kamçı	قامچی	tr
kurmuş	قورمش	tr
hakdan	حقّدن	tr
hâkdan	خاكدان	fa
kez	كز	tr
ergen	ارگن	tr
ergenlik	ارگنلك	tr
miktar	مقدار	ar
mükâşefe	مكاشفه	ar
muhakkik	محقّق	ar
takip	تعقیب	ar
takib	تعقیب	ar
# 3) Arabi-tevilat kitabında sözlükte bulunamayan Arapça/Farsça kelimeler (bugünkü yazım -> aslî imlâ)
acaip	عجائب	ar
acayip	عجایب	ar
adap	آداب	ar
ahadiyet	احدیّت	ar
ahit	عهد	ar
aht	عهد	ar
ait	عائد	ar
akit	عقد	ar
akliye	عقلیّه	ar
allahuekber	الله اكبر	ar
alîy	علیّ	ar
ant	آند	ar
arap	عرب	ar
azat	آزاد	fa
beraat	براءت	ar
bidat	بدعت	ar
bismillahirrahmanirrahim	بسم الله الرحمن الرحیم	ar
bitap	بی‌تاب	fa
burç	برج	ar
cahiliye	جاهلیّه	ar
cazip	جاذب	ar
ceht	جهد	ar
celp	جلب	ar
cemi	جمیع	ar
cenap	جناب	ar
ceset	جسد	ar
cevap	جواب	ar
cezp	جذب	ar
ciddiyet	جدّیّت	ar
cilt	جلد	ar
cumartesi	جمعه ایرتسی	fa
câzip	جاذب	ar
cüzi	جزئی	ar
cüziyat	جزئیّات	ar
damat	داماد	ar
davacı	دعواجی	ar
defa	دفعه	ar
dert	درد	fa
derç	درج	ar
dua	دعا	ar
ebediyen	ابدیّا	ar
ebediyet	ابدیّت	ar
edep	ادب	ar
emniyet	امنیّت	ar
erbap	ارباب	ar
evlat	اولاد	ar
evlât	اولاد	ar
evrat	اوراد	fa
faaliyet	فعالیّت	ar
faraziye	فرضیّه	ar
fasit	فاسد	ar
felç	فلج	ar
ferdiyet	فردیّت	ar
feryat	فریاد	fa
ferç	فرج	ar
fiil	فعل	ar
fiiliyat	فعلیّات	ar
fuhşiyat	فحشیّات	ar
gaip	غائب	ar
galibiyet	غالبیّت	ar
galip	غالب	ar
ganiy	غنیّ	ar
garip	غریب	ar
gasp	غصب	ar
gayp	غیب	ar
gazap	غضب	ar
genç	گنج	fa
girdap	گرداب	fa
gurup	غروب	ar
hamdolsun	حمد اولسون	ar
hamiyet	حمیّت	ar
harap	خراب	ar
harp	حرب	ar
harç	خرج	fa
haset	حسد	ar
hediye	هدیّه	ar
hercümerç	هرج و مرج	ar
hesap	حساب	ar
heyet	هیئت	ar
hicap	حجاب	ar
hitap	خطاب	ar
hoşnut	خشنود	fa
hudut	حدود	ar
hz	حضرت	ar
hüviyet	هویّت	ar
icap	ایجاب	ar
icat	ایجاد	ar
ifsat	افساد	ar
ilaç	علاج	ar
illiyet	علّیّت	ar
imal	اعمال	ar
imar	اعمار	ar
imdat	امداد	ar
imtizaç	امتزاج	ar
inat	عناد	ar
inikad	انعقاد	ar
inkıtaa	انقطاع	ar
insaniyet	انسانیّت	ar
intisap	انتساب	ar
irtikap	ارتكاب	ar
isnat	اسناد	ar
istidat	استعداد	ar
istidraç	استدراج	ar
istihraç	استخراج	ar
istimdat	استمداد	ar
istinat	استناد	ar
itibaren	اعتبارا	ar
itikaf	اعتكاف	ar
itikat	اعتقاد	ar
itiraz	اعتراض	ar
itiyat	اعتیاد	ar
kalıp	قالب	ar
kasıt	قصد	ar
kati	قطعی	ar
kaviy	قویّ	ar
kenan	كنعان	ar
kilit	كلید	ar
kutup	قطب	ar
kükürt	كوكرد	fa
külliyat	كلّیّات	ar
külliyen	كلّیّا	ar
kıta	قطعه	ar
lakap	لقب	ar
maddiye	مادّیّه	ar
mahbup	محبوب	ar
mahcup	محجوب	ar
mahreç	مخرج	ar
makad	مقعد	ar
makat	مقعد	ar
maksat	مقصد	ar
matlup	مطلوب	ar
mağlup	مغلوب	ar
mağrip	مغرب	ar
medet	مدد	ar
mensup	منسوب	ar
mercii	مرجع	ar
merkep	مركب	ar
mert	مرد	fa
mescit	مسجد	ar
mesnet	مسند	ar
mevakı	مواقع	ar
mevcudiyet	موجودیّت	ar
mevcut	موجود	ar
mevkii	موقع	ar
mezhep	مذهب	ar
meziyet	مزیّت	ar
meşale	مشعله	ar
meşiyet	مشیّت	ar
meşrep	مشرب	ar
miraç	معراج	ar
mizaç	مزاج	ar
muaviye	معاویه	ar
muaşeret	معاشرت	ar
mucize	معجزه	ar
muhtaç	محتاج	ar
mukataa	مقاطعه	ar
mustafa	مصطفی	ar
mutaassıp	متعصّب	ar
muttali	مطّلع	ar
mâbet	معبد	ar
mücerret	مجرّد	ar
müfsit	مفسد	ar
mülhit	ملحد	ar
müminun	مؤمنون	ar
mümkün	ممكن	ar
mündemiç	مندمج	ar
münim	منعم	ar
mürekkep	مركّب	ar
mürit	مرید	ar
mürşit	مرشد	ar
müsait	مساعد	ar
müsebbep	مسبّب	ar
nebiy	نبیّ	ar
nebîy	نبیّ	ar
nefsani	نفسانی	ar
nesep	نسب	ar
neşet	نشئت	ar
nispet	نسبت	ar
niyet	نیّت	ar
rahip	راهب	ar
rasulullah	رسول الله	ar
rekat	ركعت	ar
resulullah	رسول الله	ar
ruhaniyet	روحانیّت	ar
ruhbaniyet	رهبانیّت	ar
rüşt	رشد	ar
sanat	صنعت	ar
sanatkar	صنعتكار	fa
savap	صواب	ar
seciye	سجیّه	ar
serap	سراب	ar
seviye	سویّه	ar
suikast	سوء قصد	ar
sulp	صلب	ar
sürat	سرعت	ar
taassup	تعصّب	ar
tabiin	تابعین	ar
tahrip	تخریب	ar
taklit	تقلید	ar
talep	طلب	ar
talip	طالب	ar
tazarru	تضرّع	ar
taç	تاج	ar
tecerrüt	تجرّد	ar
tecrit	تجرید	ar
teferruat	تفرّعات	ar
tehdit	تهدید	ar
teheccüt	تهجّد	ar
tereddüt	تردّد	ar
terettüp	ترتّب	ar
terkip	تركیب	ar
tertip	ترتیب	ar
tesir	تأثیر	ar
tevhit	توحید	ar
tevil	تأویل	ar
tezat	تضاد	ar
teşrii	تشریع	ar
ubudiyet	عبودیّت	ar
ubûdiyet	عبودیّت	ar
uluhiyet	الوهیّت	ar
ulûhiyet	الوهیّت	ar
vaaz	وعظ	ar
vacip	واجب	ar
vahdaniyet	وحدانیّت	ar
varit	وارد	ar
vect	وجد	ar
vukuu	وقوع	ar
vücut	وجود	ar
yani	یعنی	ar
zaaf	ضعف	ar
zahit	زاهد	ar
zait	زائد	ar
zarfiyet	ظرفیّت	ar
ziraat	زراعت	ar
züht	زهد	ar
zürriyat	ذرّیّات	ar
zürriyet	ذرّیّت	ar
ümit	امید	fa
ünsiyet	انسیّت	ar
üslup	اسلوب	ar
ıstırap	اضطراب	ar
şahsiyet	شخصیّت	ar
şakiy	شقیّ	ar
şarap	شراب	ar
şayet	شاید	fa
şedit	شدید	ar
şehit	شهید	ar
şeran	شرعا	ar
şeri	شرعی	ar
şiir	شعر	ar
şuhut	شهود	ar
# 4) g sesi düz kefle (ك) yazılmış kayıtlar gafla (گ); k sesi gafla yazılmış açık hatalar kefle
bâzgûn	بازگون	sozlukler
girde	گرده	sozlukler
giridî	گریدی	sozlukler
girîzgâh	گریزگاه	sozlukler
mihnetgede	محنتگده	sozlukler
örgün	اورگون	sozlukler
güzarende	گذارنده	sozlukler
berge	برگه	sozlukler
bergen	برگن	sozlukler
binaguş	بناگوش	sozlukler
bâmgâh	بامگاه	sozlukler
ergene	ارگنه	sozlukler
genevriu	گنوریو	sozlukler
gerger	گرگر	sozlukler
giran	گران	sozlukler
gülgit	گلگیت	sozlukler
rehgüzer	رهگذر	sozlukler
sarı gül	صاری گول	sozlukler
çargah	چارگاه	sozlukler
ahuşirefgen	آهو‌ی‌شیر‌افگن	sozlukler
gende	گنده	sozlukler
güli	گلی	sozlukler
pencgâne	پنجگانه	sozlukler
penâgâh	پناگاه	sozlukler
petgir	پتگیر	sozlukler
bâzgûne	بازگونه	sozlukler
baht bergeşte	بخت‌برگشته	sozlukler
bedgirdâr	بدگردار	sozlukler
bedgûy	بدگوی	sozlukler
begâ	بگا	sozlukler
behâgîr	بهاگیر	sozlukler
berdegân	بردگان	sozlukler
bergrîz	برگریز	sozlukler
bestegî	بستگی	sozlukler
bestenigâr	بسته نگار	sozlukler
bezimge	بزمگه	sozlukler
bezimgâh	بزمگاه	sozlukler
beçegân	بچگان	sozlukler
binâgûş	بناگوش	sozlukler
bismilgâh	بسملگاه	sozlukler
bosgâh	بوسگاه	sozlukler
buzrug	بزرگ	sozlukler
buzrugvâr	بزرگوار	sozlukler
buzrugvârî	بزرگور	sozlukler
buzrugân	بزرگان	sozlukler
buzrugâne	بزرگانه	sozlukler
bâcgüzâr	باجگذار	sozlukler
bâdgerd	بادگرد	sozlukler
bâlâger	بالاگر	sozlukler
bâzgüzâr	بازگذار	sozlukler
bâzirgân	بازرگان	sozlukler
bîdadger	بیدادگر	sozlukler
bîgânezâde	بیگانه‌زاده	sozlukler
bîhudegî	بیهودگی	sozlukler
cihândîdegî	جهاندیدگی	sozlukler
cilvegeh	جلوه‌گه	sozlukler
cilvegerî	جلوه‌گری	sozlukler
cilâger	جلاگر	sozlukler
câgîr	جاگیر	sozlukler
câgüzîn	جاگزین	sozlukler
câygîr	جایگیر	sozlukler
cüdâgâne	جداگانه	sozlukler
efgâne	افگانر	sozlukler
efsânegû	افسانرگو	sozlukler
evcgîr	اوجگیر	sozlukler
gedâyî	گدایی	sozlukler
geremgâh	گرمگاه	sozlukler
gezî	گزی	sozlukler
geşen	گشن	sozlukler
girev	گرو	sozlukler
giryecûş	گریه جوش	sozlukler
gâlyâr	گالیار	sozlukler
gâlûc	گالوج	sozlukler
gâz	گاز	sozlukler
gîn	گین	sozlukler
gülâbdân	گلابدان	sozlukler
gülâjbeste	گلاژ بسته	sozlukler
güreg	گرگ	sozlukler
gürâz	گراز	sozlukler
güvârân	گواران	sozlukler
hacelegâh	حجله‌گاه	sozlukler
harfgîrî	حرفگیری	sozlukler
hidmetgüzâr	خدمتگذار	sozlukler
hissagîr	حصهگیر	sozlukler
hâidgâh	حائدگاه	sozlukler
hânegî	خانگی	sozlukler
hânegîr	خانه‌گیر	sozlukler
hâtırmândegî	خاطرندگی	sozlukler
hâyegîr	خایه‌گیر	sozlukler
hâygîne	خایگینه	sozlukler
hüdâygân	خدایگان	sozlukler
hüdâygâne	خدایگانه	sozlukler
nigûnbaht	نگونبخت	sozlukler
pejühendegî	پژوهندگی	sozlukler
penâgîr	پناگیر	sozlukler
perdegî	پردگی	sozlukler
pergene	پرگنه	sozlukler
pergest	پرگست	sozlukler
pergâre	پرگاره	sozlukler
petgîr	پتگیر	sozlukler
peygend	پیگند	sozlukler
peyger	پیگر	sozlukler
peyvestegân	پیوستگان	sozlukler
pezger	پزگر	sozlukler
peştger	پشتگر	sozlukler
pâdgâne	پادگانه	sozlukler
pâgend	پاگند	sozlukler
pâgâbûy	پاگابوی	sozlukler
pâgâh	پاگاه	sozlukler
pâlgâne	پالگانه	sozlukler
pâregâh	پاره‌گاه	sozlukler
pâyendegân	پایندگان	sozlukler
pâzge	پازگر	sozlukler
pînegî	پینگی	sozlukler
pîşeger	پیشه گر	sozlukler
pîşegâh	پیشه گاه	sozlukler
pîşegî	پیشگی	sozlukler
pîşgir	پیشگر	sozlukler
pîşgâhî	پیشگاهی	sozlukler
pürşigâl	پرشگال	sozlukler
râyigân	رایگان	sozlukler
râyigâne	رایگانه	sozlukler
senâgûyî	ثناگوتی	sozlukler
sergelû	سرگلو	sozlukler
sergerdânî	سرگردانی	sozlukler
sergeştegî	سرگشتگی	sozlukler
sergirânî	سرگرانی	sozlukler
sergîn	سرگین	sozlukler
sergîrî	سرگیری	sozlukler
sergüzîn	سرگزین	sozlukler
serâsîmegi	سراسیهگی	sozlukler
setîzger	ستیزگر	sozlukler
süftegûş	سفته‌گوش	sozlukler
sürûdgûy	سرودگوی	sozlukler
tahammülgüzâr	تحملگذار	sozlukler
tegeltî	تگلتی	sozlukler
tehîgâh	تهیگاء	sozlukler
telhgû	تلخگو	sozlukler
telhgüftâr	تلخگفتار	sozlukler
temâşâger	تماشاگر	sozlukler
temâşâgerî	تماشاگری	sozlukler
teşnegî	تشنگی	sozlukler
târâcger	تاراجگر	sozlukler
tîregûn	تیره‌گون	sozlukler
tîzgâm	تیزگام	sozlukler
tündligâm	تندلگام	sozlukler
çegâl	چگال	sozlukler
çehârgâne	چهارگانه	sozlukler
çerger	چرگر	sozlukler
çâmegû	چامه‌گو	sozlukler
çâşnîgîr	چاشنیگیر	sozlukler
çâştgeh	چاشتگه	sozlukler
çâştgâh	چاشتگاه	sozlukler
çîregî	چیرگی	sozlukler
çîzebûdger	چیزه‌بهدگر	sozlukler
çûgân	چوگان	sozlukler
çûygân	چویگان	sozlukler
çırâgeh	چراگه	sozlukler
çırâger	چراگر	sozlukler
çırâgâh	چراگاه	sozlukler
üftâdegî	افتادگی	sozlukler
ülfetgerî	الفتگر	sozlukler
şehreg	شهرگ	sozlukler
şâdnâg	شادناگ	sozlukler
amaçgah	آماجگاه	sozlukler
cilvegah	جلوه‌گاه	sozlukler
giriftar	گرفتار	sozlukler
dilagah	دل آگاه	sozlukler
güzergah	گذرگاه	sozlukler
halvetgüzin	خلوتگزین	sozlukler
hilafgir	خلافگیر	sozlukler
ordugah	اردوگاه	sozlukler
rehgüzar	رهگذار	sozlukler
rezmgah	رزمگاه	sozlukler
tahammülgüdaz	تحملگداز	sozlukler
şamgah	شامگاه	sozlukler
görekli	گوركلی	sozlukler
bengâh	بنگاه	sozlukler
kenger	كنگر	sozlukler
tenge	تنگه	sozlukler
şengerf	شنگرف	sozlukler
bengere	بنگره	sozlukler
bârângerîz	بارانگریز	sozlukler
cengelistân	جنگلستان	sozlukler
cengâmûz	جنگ‌آموز	sozlukler
cengâr	جنگار	sozlukler
cengî	جنگی	sozlukler
cevlângâh	جولانگاه	sozlukler
cihângerd	جهانگرد	sozlukler
cilânger	جلائگر	sozlukler
cângezâ	جانگزا	sozlukler
cângîr	جانگیر	sozlukler
cângüzâr	جانگذار	sozlukler
gizlik	گزلك	sozlukler
günahkârî	گنهكاری	sozlukler
hakgüzîn	حقگزین	sozlukler
havkalegû	هوقله‌گو	sozlukler
hukûmetgâh	حكومتگاه	sozlukler
hângâh	خانگاه	sozlukler
karârgîr	قرار گیر	sozlukler
niheng	نهنگ	sozlukler
pejenger	پژنگر	sozlukler
pejengâr	پژنگار	sozlukler
pelengî	پلنگی	sozlukler
pelengîn	پلنگین	sozlukler
pelengîne	پلنگینه	sozlukler
pengâh	پنگاه	sozlukler
pîrâmengerd	پیرامنگرد	sozlukler
sebzreng	سبزرنگ	sozlukler
seng-i sebük	سنگ سبك	sozlukler
serâheng	سراهنگ	sozlukler
sirkengübîn	سركنگبین	sozlukler
tegerk	تگرك	sozlukler
teng'îş	تنگعیش	sozlukler
tengbâr	تنگبار	sozlukler
tengdestî	تنگدستی	sozlukler
tengdilî	تنگدلی	sozlukler
tenghâl	تنگحال	sozlukler
tenghâlî	تنگحالی	sozlukler
tengsâl	تنگسال	sozlukler
tengsâr	تنگسار	sozlukler
tengyâb	تنگیاب	sozlukler
tengây	تنگای	sozlukler
tengçeşmi	تنگ‌چشم	sozlukler
tengî	تنگی	sozlukler
tengşeker	تنگ‌شكر	sozlukler
terângebîn	ترانگبین	sozlukler
tuvângerî	توانگری	sozlukler
çekûnegî	چكونگی	sozlukler
çengelistân	چنگلستان	sozlukler
çenklûg	چنكلوگ	sozlukler
cengi	جنگی	sozlukler
tuvanger	توانگر	sozlukler
kedûret	كدورت	sozlukler
kiyaset	كیاست	sozlukler
mürekkib	مركّب	sozlukler
keskinlemek	كسكینلنمك	sozlukler
