# Hayrat bağlam sözlüğü (tools/hayrat_baglam_ogren.py). kelime	yazım	özellik	sayı; özellik * = toplam
#esik	2.0
azm	عظم	*	4
azm	عظم	L1:lahme	2
azm	عظم	L1:mudgadan	2
azm	عظم	L2:mudgaya	2
azm	عظم	L2:ve	2
azm	عظم	R1:ve	4
azm	عظم	R2:lahmden	2
azm	عظم	R2:lahme	2
azm	عزم	*	3
azm	عزم	R1:ve	2
basar	بصر	*	24
basar	بصر	L1:kudret	2
basar	بصر	L1:sem	5
basar	بصر	L1:ve	9
basar	بصر	L2:ilim	3
basar	بصر	L2:irâdesini	2
basar	بصر	L2:sem	9
basar	بصر	L2:ve	2
basar	بصر	R1:cihetinde	2
basar	بصر	R1:gibi	5
basar	بصر	R1:hava	2
basar	بصر	R1:kudret	2
basar	بصر	R1:sem	3
basar	بصر	R1:ve	4
basar	بصر	R2:halüsinasyon	2
basar	بصر	R2:ma‘nâlarıyla	2
basar	بصر	R2:mâlikiyet	2
basar	بصر	R2:ve	4
basar	باصار	*	18
basar	باصار	L1:imza	3
basar	باصار	L1:parmak	10
basar	باصار	L2:târîhine	3
basar	باصار	L2:ve	4
basar	باصار	R1:#	6
basar	باصار	R1:bir	2
basar	باصار	R1:ve	3
basar	باصار	R2:#	7
basar	باصار	R2:ma‘nâ-yı	3
basar	باصار	R2:tarzda	2
başlar	باشلار	*	93
başlar	باشلار	L1:aramaya	2
başlar	باشلار	L1:beyâna	2
başlar	باشلار	L1:delinmeye	3
başlar	باشلار	L1:düşünmeye	2
başlar	باشلار	L1:etmeye	5
başlar	باشلار	L1:görünmemeye	3
başlar	باشلار	L1:harbine	2
başlar	باشلار	L1:harekete	2
başlar	باشلار	L1:hissetmeye	2
başlar	باشلار	L1:ile	2
başlar	باشلار	L1:inkişâfa	3
başlar	باشلار	L1:kırmaya	3
başlar	باشلار	L1:mübârezeye	2
başlar	باشلار	L1:sekerâta	3
başlar	باشلار	L1:sevmeye	2
başlar	باشلار	L1:sonra	2
başlar	باشلار	L1:taharrîye	3
başlar	باشلار	L1:tanımaya	2
başlar	باشلار	L1:tevakkuf	2
başlar	باشلار	L1:tulûa	2
başlar	باشلار	L1:vâveylâya	2
başlar	باشلار	L1:yükselmeye	2
başlar	باشلار	L1:şekvâya	3
başlar	باشلار	L2:aynayı	2
başlar	باشلار	L2:dağı	3
başlar	باشلار	L2:diye	6
başlar	باشلار	L2:dünya	2
başlar	باشلار	L2:eder	5
başlar	باشلار	L2:fesâd	2
başlar	باشلار	L2:garbdan	2
başlar	باشلار	L2:gibi	2
başlar	باشلار	L2:göre	2
başlar	باشلار	L2:hânede	2
başlar	باشلار	L2:hürmet	2
başlar	باشلار	L2:olur	2
başlar	باشلار	L2:taş	2
başlar	باشلار	L2:ve	3
başlar	باشلار	L2:îmânda	3
başlar	باشلار	L2:ünvânıyla	2
başlar	باشلار	R1:#	10
başlar	باشلار	R1:bakar	2
başlar	باشلار	R1:birbirine	2
başlar	باشلار	R1:bu	8
başlar	باشلار	R1:den	3
başlar	باشلار	R1:ehl-i	3
başlar	باشلار	R1:evet	2
başlar	باشلار	R1:fakat	2
başlar	باشلار	R1:hangi	3
başlar	باشلار	R1:hem	2
başlar	باشلار	R1:hâlbuki	2
başlar	باشلار	R1:insaniyeti	2
başlar	باشلار	R1:işte	3
başlar	باشلار	R1:o	2
başlar	باشلار	R1:pek	2
başlar	باشلار	R1:ve	7
başlar	باشلار	R1:yıldızlar	3
başlar	باشلار	R1:öyle	2
başlar	باشلار	R1:şedîd	2
başlar	باشلار	R2:#	10
başlar	باشلار	R2:acîb	2
başlar	باشلار	R2:arzı	2
başlar	باشلار	R2:bir	4
başlar	باشلار	R2:bu	5
başlar	باشلار	R2:cenâb-ı	2
başlar	باشلار	R2:ki	2
başlar	باشلار	R2:ma‘nâ	2
başlar	باشلار	R2:ma‘nânın	2
başlar	باشلار	R2:o	2
başlar	باشلار	R2:sesler	3
başlar	باشلار	R2:siyâset	3
başlar	باشلار	R2:teâlî	2
başlar	باشلار	R2:ve	2
başlar	باشلار	R2:âlemde	2
başlar	باشلار	R2:çarpışacak	2
başlar	باشلار	R2:çarpışarak	2
başlar	باشلار	R2:şeye	3
başlar	باشلر	*	25
başlar	باشلر	L1:baştaki	2
başlar	باشلر	L1:bu	3
başlar	باشلر	L1:kahraman	7
başlar	باشلر	L1:kuru	2
başlar	باشلر	L1:nice	2
başlar	باشلر	L1:vücûdîdir	3
başlar	باشلر	L2:milyon	2
başlar	باشلر	L2:milyonlar	4
başlar	باشلر	L2:ol	2
başlar	باشلر	L2:olan	3
başlar	باشلر	L2:ve	3
başlar	باشلر	L2:veya	2
başlar	باشلر	L2:yatmış	2
başlar	باشلر	R1:#	4
başlar	باشلر	R1:fedâ	9
başlar	باشلر	R1:hakîkati	2
başlar	باشلر	R1:sâhib	3
başlar	باشلر	R1:zındıkaya	3
başlar	باشلر	R2:#	4
başlar	باشلر	R2:dinleyip	2
başlar	باشلر	R2:oldukları	9
başlar	باشلر	R2:teslîm-i	3
başlar	باشلر	R2:çıkamazlar	3
başlarım	باشلرم	*	5
başlarım	باشلرم	L1:adedince	5
başlarım	باشلرم	L2:saçlarım	5
başlarım	باشلرم	R1:bulunsa	5
başlarım	باشلرم	R2:her	3
başlarım	باشلارم	*	3
başlarım	باشلارم	L1:nefsimden	2
başlarım	باشلارم	L2:ise	2
başlarım	باشلارم	R1:dedim	2
başlarım	باشلارم	R2:ey	2
dersin	دیرسڭ	*	22
dersin	دیرسڭ	L1:görürsün	2
dersin	دیرسڭ	L1:ne	4
dersin	دیرسڭ	L1:rahîmime	2
dersin	دیرسڭ	L1:saâdettir	2
dersin	دیرسڭ	L1:serseri	2
dersin	دیرسڭ	L2:bir	2
dersin	دیرسڭ	L2:rabb-i	2
dersin	دیرسڭ	L2:re’fet’i	2
dersin	دیرسڭ	L2:sâhibsiz	2
dersin	دیرسڭ	R1:#	2
dersin	دیرسڭ	R1:ben	2
dersin	دیرسڭ	R1:bu	2
dersin	دیرسڭ	R1:eğer	4
dersin	دیرسڭ	R1:senin	2
dersin	دیرسڭ	R2:#	2
dersin	دیرسڭ	R2:hakkında	2
dersin	دیرسڭ	R2:hareket-i	2
dersin	دیرسڭ	R2:merhemi	2
dersin	درسڭ	*	18
dersin	درسڭ	L1:aldığı	4
dersin	درسڭ	L1:bir	3
dersin	درسڭ	L1:bu	3
dersin	درسڭ	L2:#	2
dersin	درسڭ	L2:kur’ân’dan	2
dersin	درسڭ	R1:bir	2
dersin	درسڭ	R1:birinci	2
dersin	درسڭ	R1:en	2
dersin	درسڭ	R2:#	2
dersin	درسڭ	R2:bir	2
dersin	درسڭ	R2:birinci	2
dersin	درسڭ	R2:kısmıdır	2
dersin	درسڭ	R2:kısmını	2
dersin	درسڭ	R2:ve	2
dil	دیل	*	88
dil	دیل	L1:bin	13
dil	دیل	L1:binler	10
dil	دیل	L1:bir	21
dil	دیل	L1:dilsizlere	2
dil	دیل	L1:ey	2
dil	دیل	L1:göz	3
dil	دیل	L1:her	3
dil	دیل	L1:kadar	2
dil	دیل	L1:küllî	2
dil	دیل	L1:milyarlar	2
dil	دیل	L1:o	2
dil	دیل	L1:ve	7
dil	دیل	L2:bedel	3
dil	دیل	L2:bende	2
dil	دیل	L2:bir	3
dil	دیل	L2:ekberinde	2
dil	دیل	L2:göz	4
dil	دیل	L2:günâhlara	2
dil	دیل	L2:her	4
dil	دیل	L2:karşı	2
dil	دیل	L2:kulak	2
dil	دیل	L2:kâinât	2
dil	دیل	L2:kırk	9
dil	دیل	L2:nasıl	2
dil	دیل	L2:ve	13
dil	دیل	L2:yalancı	3
dil	دیل	L2:yüz	6
dil	دیل	L2:öyle	2
dil	دیل	L2:şâkird	3
dil	دیل	R1:akıl	3
dil	دیل	R1:dîn	3
dil	دیل	R1:gibi	5
dil	دیل	R1:ile	37
dil	دیل	R1:iyi	2
dil	دیل	R1:koymuş	5
dil	دیل	R1:kurur	3
dil	دیل	R1:o	2
dil	دیل	R1:olarak	2
dil	دیل	R1:olduklarından	2
dil	دیل	R1:veriyor	2
dil	دیل	R2:#	6
dil	دیل	R2:acîb	3
dil	دیل	R2:derdlilere	2
dil	دیل	R2:değil	3
dil	دیل	R2:güzel	2
dil	دیل	R2:hamdetmek	2
dil	دیل	R2:hem	3
dil	دیل	R2:her	2
dil	دیل	R2:hizmet-i	3
dil	دیل	R2:istiğfâr	2
dil	دیل	R2:ki	2
dil	دیل	R2:kudret	2
dil	دیل	R2:kâinâta	2
dil	دیل	R2:kırk	4
dil	دیل	R2:mukābele	5
dil	دیل	R2:ona	2
dil	دیل	R2:tat	2
dil	دیل	R2:tesbîh	3
dil	دیل	R2:ve	5
dil	دیل	R2:yüz	2
dil	دیل	R2:zikrettikleri	3
dil	دل	*	8
dil	دل	L1:dedim	7
dil	دل	L2:gibi	7
dil	دل	R1:bekāsı	8
dil	دل	R2:hak	5
dil	دل	R2:hakk	3
dolusu	طولوسی	*	24
dolusu	طولوسی	L1:denizler	2
dolusu	طولوسی	L1:dünya	2
dolusu	طولوسی	L1:kalpler	3
dolusu	طولوسی	L1:kâinât	3
dolusu	طولوسی	L1:sahrâ	8
dolusu	طولوسی	L1:âhiret	2
dolusu	طولوسی	L2:beraber	2
dolusu	طولوسی	L2:gelse	3
dolusu	طولوسی	L2:ihsâsıyla	3
dolusu	طولوسی	L2:sana	4
dolusu	طولوسی	L2:tanımayanın	2
dolusu	طولوسی	L2:ve	3
dolusu	طولوسی	R1:belâ	2
dolusu	طولوسی	R1:firâkların	3
dolusu	طولوسی	R1:hamd	2
dolusu	طولوسی	R1:kırmızı	8
dolusu	طولوسی	R1:ma‘lûmât	2
dolusu	طولوسی	R1:selâm	3
dolusu	طولوسی	R2:başında	2
dolusu	طولوسی	R2:koyundan	3
dolusu	طولوسی	R2:koyunlardan	4
dolusu	طولوسی	R2:ve	7
dolusu	طولوسی	R2:veriyor	2
dolusu	طولیسی	*	8
dolusu	طولیسی	L1:bahar	2
dolusu	طولیسی	L1:dünya	2
dolusu	طولیسی	L1:zemîn	2
dolusu	طولیسی	L2:başına	2
dolusu	طولیسی	L2:olan	4
dolusu	طولیسی	R1:bütün	2
dolusu	طولیسی	R1:dehşetli	2
dolusu	طولیسی	R1:hayâtdâr	2
dolusu	طولیسی	R2:geçen	2
dolusu	طولیسی	R2:mevcûdât-ı	2
dolusu	طولیسی	R2:ve	2
et	ایت	*	511
et	ایت	L1:adâvet	4
et	ایت	L1:amel	4
et	ایت	L1:ateş	2
et	ایت	L1:aç	2
et	ایت	L1:a‘dâmızı	2
et	ایت	L1:beyân	6
et	ایت	L1:da‘vet	3
et	ایت	L1:da‘vâ	9
et	ایت	L1:dikkat	89
et	ایت	L1:duâ	11
et	ایت	L1:edebilirsen	7
et	ایت	L1:elde	3
et	ایت	L1:farz	7
et	ایت	L1:fedâ	9
et	ایت	L1:fenâ	2
et	ایت	L1:feryâd	3
et	ایت	L1:harb	2
et	ایت	L1:hazer	2
et	ایت	L1:helâl	7
et	ایت	L1:hizmet	3
et	ایت	L1:iftâr	2
et	ایت	L1:ihsân	5
et	ایت	L1:ilticâ	2
et	ایت	L1:ilâve	2
et	ایت	L1:imza	3
et	ایت	L1:inkâr	3
et	ایت	L1:insaf	2
et	ایت	L1:isnâd	3
et	ایت	L1:istinbât	2
et	ایت	L1:istinâd	2
et	ایت	L1:ittibâ	5
et	ایت	L1:ittihâz	6
et	ایت	L1:itâat	2
et	ایت	L1:izhâr	2
et	ایت	L1:iştirâk	3
et	ایت	L1:i‘lân	2
et	ایت	L1:i‘timâd	8
et	ایت	L1:kabûl	12
et	ایت	L1:kanâat	2
et	ایت	L1:kıble	2
et	ایت	L1:kıyâs	60
et	ایت	L1:merhamet	3
et	ایت	L1:muhabbet	2
et	ایت	L1:muhâfaza	8
et	ایت	L1:muhâkeme	2
et	ایت	L1:muvâzene	2
et	ایت	L1:mübâdele	2
et	ایت	L1:müdâfaa	2
et	ایت	L1:mürâcaat	19
et	ایت	L1:mütâlaa	2
et	ایت	L1:müşâhede	3
et	ایت	L1:müşâvere	3
et	ایت	L1:nazar	5
et	ایت	L1:pervâz	2
et	ایت	L1:rahmet	4
et	ایت	L1:râhat	2
et	ایت	L1:selâm	4
et	ایت	L1:suâl	2
et	ایت	L1:sünnet	3
et	ایت	L1:tahattur	2
et	ایت	L1:tahkîk	3
et	ایت	L1:tahşîd	3
et	ایت	L1:taleb	3
et	ایت	L1:tatbîk	3
et	ایت	L1:ta‘bîr	3
et	ایت	L1:ta‘rîf	3
et	ایت	L1:teblîğ	3
et	ایت	L1:tebrîk	2
et	ایت	L1:tecerrüd	5
et	ایت	L1:tecrîd	2
et	ایت	L1:tecrübe	3
et	ایت	L1:tedebbür	2
et	ایت	L1:teemmül	2
et	ایت	L1:tefekkür	3
et	ایت	L1:temâşâ	6
et	ایت	L1:teneffüs	2
et	ایت	L1:teslîm	4
et	ایت	L1:tetebbu	2
et	ایت	L1:tevcîh	2
et	ایت	L1:teveccüh	2
et	ایت	L1:tevekkül	3
et	ایت	L1:teşekkür	3
et	ایت	L1:yeter	2
et	ایت	L1:îcâz	3
et	ایت	L1:îmân	2
et	ایت	L1:ıslâh	2
et	ایت	L2:#	12
et	ایت	L2:akıl	2
et	ایت	L2:al	4
et	ایت	L2:ağla	2
et	ایت	L2:ağlatma	2
et	ایت	L2:bak	2
et	ایت	L2:başkasına	2
et	ایت	L2:beni	2
et	ایت	L2:biri	2
et	ایت	L2:bizden	2
et	ایت	L2:bize	7
et	ایت	L2:buna	8
et	ایت	L2:bunlara	5
et	ایت	L2:bunu	5
et	ایت	L2:burada	2
et	ایت	L2:bırakıp	2
et	ایت	L2:da	6
et	ایت	L2:dahi	3
et	ایت	L2:de	6
et	ایت	L2:dergâhını	2
et	ایت	L2:değil	3
et	ایت	L2:dinle	2
et	ایت	L2:diye	2
et	ایت	L2:diyecek	2
et	ایت	L2:diyorlar	2
et	ایت	L2:emânetlerine	2
et	ایت	L2:et	4
et	ایت	L2:ettiğini	6
et	ایت	L2:evlâdındır	3
et	ایت	L2:gibi	2
et	ایت	L2:git	5
et	ایت	L2:gönderir	2
et	ایت	L2:göre	3
et	ایت	L2:hakkını	3
et	ایت	L2:hakîkati	3
et	ایت	L2:hakîkati’ne	2
et	ایت	L2:hamiyetfurûş	2
et	ایت	L2:hem	2
et	ایت	L2:hesabıyla	2
et	ایت	L2:hâkezâ	10
et	ایت	L2:hâtime	3
et	ایت	L2:ile	18
et	ایت	L2:istersen	4
et	ایت	L2:ittibâ‘-ı	3
et	ایت	L2:iyi	3
et	ایت	L2:için	4
et	ایت	L2:kamere	2
et	ایت	L2:karşı	6
et	ایت	L2:kelâmı	2
et	ایت	L2:kendin	2
et	ایت	L2:kendine	4
et	ایت	L2:kendini	10
et	ایت	L2:keremine	2
et	ایت	L2:kerîmeye	2
et	ایت	L2:kudretine	5
et	ایت	L2:kul	2
et	ایت	L2:kur’ân’ı	3
et	ایت	L2:kıyâs	6
et	ایت	L2:ma‘bûd	3
et	ایت	L2:ma‘nâlarını	2
et	ایت	L2:ma‘nâma	4
et	ایت	L2:misâle	3
et	ایت	L2:mukaddeme’den	2
et	ایت	L2:mukaddeme’ye	2
et	ایت	L2:mısıra	2
et	ایت	L2:ni‘metlerine	2
et	ایت	L2:noktaya	2
et	ایت	L2:olduğunu	2
et	ایت	L2:olmak	2
et	ایت	L2:olmasın	2
et	ایت	L2:ona	9
et	ایت	L2:ondan	3
et	ایت	L2:onlara	5
et	ایت	L2:onu	5
et	ایت	L2:oradan	2
et	ایت	L2:ortada	2
et	ایت	L2:rubûbiyet	5
et	ایت	L2:ruhunla	2
et	ایت	L2:saptığını	3
et	ایت	L2:sen	4
et	ایت	L2:seniyeye	2
et	ایت	L2:seyyieden	2
et	ایت	L2:silâhını	2
et	ایت	L2:sineğe	2
et	ایت	L2:sultânına	2
et	ایت	L2:sâhibine	2
et	ایت	L2:sözüme	2
et	ایت	L2:sırrına	3
et	ایت	L2:temsîle	2
et	ایت	L2:tevhîd-i	2
et	ایت	L2:tohumları	2
et	ایت	L2:vakitlerini	2
et	ایت	L2:varsa	2
et	ایت	L2:ve	12
et	ایت	L2:vesîle	3
et	ایت	L2:ya	5
et	ایت	L2:yolunda	2
et	ایت	L2:âyete	3
et	ایت	L2:çekinmeyerek	2
et	ایت	L2:öyledir	2
et	ایت	R1:#	76
et	ایت	R1:acaba	3
et	ایت	R1:bak	8
et	ایت	R1:bakalım	2
et	ایت	R1:bekle	2
et	ایت	R1:ben	6
et	ایت	R1:beni	2
et	ایت	R1:beşinci	2
et	ایت	R1:bildiğin	3
et	ایت	R1:bir	8
et	ایت	R1:biz	4
et	ایت	R1:bize	4
et	ایت	R1:bizi	3
et	ایت	R1:bu	8
et	ایت	R1:bütün	5
et	ایت	R1:de	2
et	ایت	R1:dedi	2
et	ایت	R1:dedim	3
et	ایت	R1:demek	5
et	ایت	R1:demişler	3
et	ایت	R1:demişsin	2
et	ایت	R1:derler	2
et	ایت	R1:dikkatle	2
et	ایت	R1:diye	12
et	ایت	R1:diyerek	2
et	ایت	R1:diyorlar	4
et	ایت	R1:doktor	2
et	ایت	R1:emrini	3
et	ایت	R1:emânetini	2
et	ایت	R1:evet	3
et	ایت	R1:eğer	3
et	ایت	R1:fakat	4
et	ایت	R1:fedâ	2
et	ایت	R1:fânî	3
et	ایت	R1:göreceksin	7
et	ایت	R1:hatta	2
et	ایت	R1:hayâtın	3
et	ایت	R1:hazret-i	3
et	ایت	R1:hem	7
et	ایت	R1:her	3
et	ایت	R1:hâk	2
et	ایت	R1:hâlet-i	2
et	ایت	R1:hâşiye	3
et	ایت	R1:icmâl	3
et	ایت	R1:işte	12
et	ایت	R1:kasem	2
et	ایت	R1:kendini	2
et	ایت	R1:kulak	2
et	ایت	R1:kurtul	2
et	ایت	R1:ma‘nâsız	2
et	ایت	R1:mevcûdâtın	2
et	ایت	R1:meş’ûm	2
et	ایت	R1:mübârek	2
et	ایت	R1:nasıl	7
et	ایت	R1:ne	4
et	ایت	R1:o	13
et	ایت	R1:ona	6
et	ایت	R1:onun	3
et	ایت	R1:rahmetini	2
et	ایت	R1:resûl-ü	3
et	ایت	R1:rızâlarını	2
et	ایت	R1:sana	4
et	ایت	R1:saâdet-i	3
et	ایت	R1:senin	4
et	ایت	R1:seninle	2
et	ایت	R1:sonra	10
et	ایت	R1:tereddüd	2
et	ایت	R1:tâ	9
et	ایت	R1:umûm	3
et	ایت	R1:uyandım	2
et	ایت	R1:ve	21
et	ایت	R1:veya	2
et	ایت	R1:yani	2
et	ایت	R1:yerine	2
et	ایت	R1:yoksa	9
et	ایت	R1:yâ	3
et	ایت	R1:zîrâ	8
et	ایت	R1:âhiret	2
et	ایت	R1:âleme	4
et	ایت	R1:âmîn	2
et	ایت	R1:çünki	9
et	ایت	R1:çünkü	7
et	ایت	R1:öyle	4
et	ایت	R1:şimdi	2
et	ایت	R1:şâh-ı	3
et	ایت	R1:şöyle	4
et	ایت	R2:#	85
et	ایت	R2:acaba	2
et	ایت	R2:ademnümâ	2
et	ایت	R2:anladım	2
et	ایت	R2:az	3
et	ایت	R2:bak	4
et	ایت	R2:bas	2
et	ایت	R2:bekā	2
et	ایت	R2:belki	2
et	ایت	R2:ben	3
et	ایت	R2:beni	2
et	ایت	R2:benim	3
et	ایت	R2:beraber	2
et	ایت	R2:bir	8
et	ایت	R2:bu	14
et	ایت	R2:bütün	9
et	ایت	R2:büyük	3
et	ایت	R2:bırak	2
et	ایت	R2:cenâb-ı	2
et	ایت	R2:cesedini	2
et	ایت	R2:cezâsını	2
et	ایت	R2:câmi	2
et	ایت	R2:da	6
et	ایت	R2:de	6
et	ایت	R2:dedi	5
et	ایت	R2:der	3
et	ایت	R2:duâ	3
et	ایت	R2:ebediyenin	3
et	ایت	R2:ederim	2
et	ایت	R2:ekrem	3
et	ایت	R2:envâ‘-ı	3
et	ایت	R2:et	4
et	ایت	R2:evet	2
et	ایت	R2:ey	4
et	ایت	R2:fakat	2
et	ایت	R2:firâk-ı	2
et	ایت	R2:geylânî	3
et	ایت	R2:gitsin	2
et	ایت	R2:güven	2
et	ایت	R2:handân	2
et	ایت	R2:hangi	3
et	ایت	R2:hareketi	2
et	ایت	R2:haydi	6
et	ایت	R2:hazîne-i	2
et	ایت	R2:hem	3
et	ایت	R2:her	2
et	ایت	R2:ihsân	2
et	ایت	R2:ile	10
et	ایت	R2:ithâm	2
et	ایت	R2:kabuğunu	2
et	ایت	R2:kabzetmek	2
et	ایت	R2:kadar	4
et	ایت	R2:kardeşlerimden	2
et	ایت	R2:kemter	4
et	ایت	R2:ki	12
et	ایت	R2:lâyık	2
et	ایت	R2:menâbi‘-i	2
et	ایت	R2:milletin	2
et	ایت	R2:mukābil	2
et	ایت	R2:mâlikin	2
et	ایت	R2:mûsâ	3
et	ایت	R2:mümkinâtta	2
et	ایت	R2:nasıl	5
et	ایت	R2:nebâtâtı	2
et	ایت	R2:nefer	2
et	ایت	R2:nez‘imizde	2
et	ایت	R2:o	11
et	ایت	R2:oh	2
et	ایت	R2:ol	2
et	ایت	R2:olan	2
et	ایت	R2:sabûr	2
et	ایت	R2:sana	2
et	ایت	R2:sus	2
et	ایت	R2:tabiatı	3
et	ایت	R2:tahsîl	2
et	ایت	R2:ulûhiyet	2
et	ایت	R2:va‘dinde	2
et	ایت	R2:ve	4
et	ایت	R2:ver	2
et	ایت	R2:verir	2
et	ایت	R2:yalnız	2
et	ایت	R2:çabuk	2
et	ایت	R2:îmân	4
et	ایت	R2:ümmetin	3
et	ایت	R2:şu	8
et	ات	*	41
et	ات	L1:ancak	2
et	ات	L1:arslana	4
et	ات	L1:aslana	2
et	ات	L1:ata	8
et	ات	L1:bir	6
et	ات	L1:keşfedilen	2
et	ات	L1:keşfettikleri	4
et	ات	L2:kardeşlerim	3
et	ات	L2:ki	3
et	ات	L2:ot	4
et	ات	L2:ve	2
et	ات	L2:zamanda	4
et	ات	L2:zamanlarda	2
et	ات	R1:arslana	6
et	ات	R1:atar	3
et	ات	R1:hulâsası	2
et	ات	R1:kemikten	2
et	ات	R1:parçası	3
et	ات	R1:ve	10
et	ات	R1:veriyor	2
et	ات	R1:şeker	2
et	ات	R2:ibâret	2
et	ات	R2:kemik	2
et	ات	R2:kemikten	4
et	ات	R2:ki	3
et	ات	R2:o	3
et	ات	R2:ot	8
et	ات	R2:ve	4
et	ات	R2:şeker	2
güle	كُلَە	*	6
güle	كُلَە	L1:kokar	4
güle	كُلَە	L2:miskler	4
güle	كُلَە	R1:benzer	4
güle	كُلَە	R2:bedeni	4
güle	كولە	*	3
güle	كولە	L1:ile	3
güle	كولە	L2:nûr	3
güle	كولە	R1:#	2
güle	كولە	R2:#	2
iskāt	اسقاط	*	27
iskāt	اسقاط	L1:ehemmiyetten	5
iskāt	اسقاط	L1:hükümden	6
iskāt	اسقاط	L1:kıymetini	2
iskāt	اسقاط	L1:kıymetlerini	2
iskāt	اسقاط	L1:medeniyeden	2
iskāt	اسقاط	L1:nazardan	2
iskāt	اسقاط	L2:bunu	4
iskāt	اسقاط	L2:delîlleri	2
iskāt	اسقاط	L2:hakkımda	2
iskāt	اسقاط	L2:hukuk-u	6
iskāt	اسقاط	L2:mevcûdâtın	2
iskāt	اسقاط	L2:onların	2
iskāt	اسقاط	L2:ve	3
iskāt	اسقاط	R1:edebilir	2
iskāt	اسقاط	R1:ediyor	11
iskāt	اسقاط	R1:ve	2
iskāt	اسقاط	R2:#	2
iskāt	اسقاط	R2:dediğim	2
iskāt	اسقاط	R2:gibi	2
iskāt	اسقاط	R2:işte	2
iskāt	اسقاط	R2:ma‘nâsızlıkla	2
iskāt	اسقاط	R2:yâhûd	4
iskāt	اسكات	*	4
iskāt	اسكات	L1:nazarımdan	2
iskāt	اسكات	L1:ve	2
iskāt	اسكات	L2:derece	2
iskāt	اسكات	L2:ilzâm	2
iskāt	اسكات	R1:etmiş	4
iskāt	اسكات	R2:her	2
iskāt	اسكات	R2:ki	2
iskāt	اسقات	*	1
kat	قات	*	50
kat	قات	L1:bin	3
kat	قات	L1:bir	19
kat	قات	L1:iki	6
kat	قات	L1:yedi	16
kat	قات	L1:üçüncü	2
kat	قات	L2:altın	2
kat	قات	L2:fakat	2
kat	قات	L2:faytonculuğa	2
kat	قات	L2:hemşîresinin	2
kat	قات	L2:kendini	2
kat	قات	L2:kumaştan	2
kat	قات	L2:mukābil	2
kat	قات	L2:olduğunu	2
kat	قات	L2:ve	2
kat	قات	R1:daha	10
kat	قات	R1:elbise	4
kat	قات	R1:fazla	3
kat	قات	R1:fiyatını	2
kat	قات	R1:libâs	4
kat	قات	R1:ma‘nâları	2
kat	قات	R1:semâvâtı	3
kat	قات	R1:yangın	2
kat	قات	R1:yükseklikten	2
kat	قات	R1:ziyâde	3
kat	قات	R2:#	2
kat	قات	R2:almak	2
kat	قات	R2:avluya	2
kat	قات	R2:ihtiyâç	2
kat	قات	R2:isbat	2
kat	قات	R2:içinde	2
kat	قات	R2:ve	4
kat	قات	R2:verdim	2
kat	قطع	*	22
kat	قطع	L1:mesâfeyi	5
kat	قطع	L1:nisbeti	2
kat	قطع	L1:senede	2
kat	قطع	L2:bir	5
kat	قطع	L2:o	2
kat	قطع	L2:sene	2
kat	قطع	R1:eder	5
kat	قطع	R1:edip	6
kat	قطع	R1:ediyor	3
kat	قطع	R2:o	2
müctehidîn	مجتهدین	*	7
müctehidîn	مجتهدین	L1:umûm	2
müctehidîn	مجتهدین	L2:olmuyor	2
müctehidîn	مجتهدین	R1:nazariyâta	2
müctehidîn	مجتهدین	R1:ve	2
müctehidîn	مجتهدین	R2:ve	3
müctehidîn	مجتهدڭ	*	5
müctehidîn	مجتهدڭ	L1:bir	2
müctehidîn	مجتهدڭ	L1:büyük	3
müctehidîn	مجتهدڭ	L2:en	3
müctehidîn	مجتهدڭ	R1:fesâd	2
müctehidîn	مجتهدڭ	R2:zamanında	3
salât	صلات	*	13
salât	صلات	L1:sayısız	2
salât	صلات	L2:ve	2
salât	صلات	R1:ve	9
salât	صلات	R2:selâm	6
salât	صلاة	*	7
salât	صلاة	L1:zâta	2
salât	صلاة	L2:o	3
salât	صلاة	R1:ve	7
salât	صلاة	R2:selâm	7
sun	صنع	*	10
sun	صنع	L1:ise	2
sun	صنع	L1:tabakasını	2
sun	صنع	L2:her	2
sun	صنع	L2:ve	2
sun	صنع	R1:ve	9
sun	صنع	R2:inâyet	6
sun	صون	*	6
sun	صون	L1:şifâ	4
sun	صون	L2:bir	4
sun	صون	R1:gel	4
sun	صون	R2:ey	4
sâika	صاعقە	*	9
sâika	صاعقە	L1:da	2
sâika	صاعقە	L1:zâlimlere	2
sâika	صاعقە	L2:adâletiyle	2
sâika	صاعقە	L2:düşmanlara	2
sâika	صاعقە	R1:gibi	5
sâika	صاعقە	R1:oluyor	2
sâika	صاعقە	R2:#	2
sâika	صاعقە	R2:şiddet	2
sâika	سائقە	*	6
sâika	سائقە	L1:başka	2
sâika	سائقە	L2:letâiften	2
sâika	سائقە	L2:ve	2
sâika	سائقە	R1:ve	4
sâika	سائقە	R2:şâika	4
topla	طوپلا	*	8
topla	طوپلا	L1:muhabbetleri	2
topla	طوپلا	L1:sürûrları	2
topla	طوپلا	L2:böyle	2
topla	طوپلا	L2:o	2
topla	طوپلا	R1:hakîkî	2
topla	طوپلا	R1:sonra	2
topla	طوپلا	R2:bu	3
topla	طوپلا	R2:sâhibine	2
topla	طوپلە	*	4
topla	طوپلە	L1:öyle	4
topla	طوپلە	L2:savaşmazsın	4
topla	طوپلە	R1:bıçakla	4
topla	طوپلە	R2:#	4
yerler	یرلر	*	21
yerler	یرلر	L1:başka	2
yerler	یرلر	L1:gibi	4
yerler	یرلر	L1:o	3
yerler	یرلر	L2:sava	3
yerler	یرلر	L2:senin	2
yerler	یرلر	R1:boş	2
yerler	یرلر	R1:karyeler	2
yerler	یرلر	R1:ve	2
yerler	یرلر	R2:harâb	2
yerler	یرلر	R2:ve	4
yerler	ییرلر	*	11
yerler	ییرلر	L1:tokat	4
yerler	ییرلر	L1:çamur	2
yerler	ییرلر	L2:ilişenler	2
yerler	ییرلر	L2:kendileri	2
yerler	ییرلر	R1:hem	2
yerler	ییرلر	R1:yüzer	2
yerler	ییرلر	R2:nar	2
yerler	ییرلر	R2:vukūât	2
yerler	ییرلر	R2:yerine	2
