# Hayrat'ta az geçen ya da yazımı tek biçimde olmadığı için hayrat.tsv'ye girmemiş, meallerde geçen kelimeler.
# Yazım Hayrat'ta en çok geçen biçim (son sütun: Hayrat'ta kaç kez). Hayrat kelimesi gibi korunur (ek kuralları dokunmaz).
fayda	فائده	hayrat	2
ayırt	آییرد	hayrat	1
yiyin	یییڭ	hayrat	2
karşılığı	قارشیلغی	hayrat	1
çeşit	چشید	hayrat	141
geçim	كچیم	hayrat	1
aya	آیه	hayrat	10
türlü	تورلی	hayrat	68
kapkara	قاپ قره	hayrat	1
diri	دیری	hayrat	10
şükreden	شكر ایدن	hayrat	1
üstelik	اوسته‌لك	hayrat	1
uğultu	اوغولتو	hayrat	1
tîn	تین	hayrat	2
tamah	طمع	hayrat	1
sardı	صاردی	hayrat	1
mühürlü	مهرلی	hayrat	1
kapatılmış	قپاتیلمش	hayrat	1
hakîmi	حكیمی	hayrat	1
dövülüp	دوكولوب	hayrat	1
arş'ın	عرشڭ	hayrat	1
hazırlamıştır	حاضرلامشدر	hayrat	1
dilediğini	دیله‌دیكنی	hayrat	2
korkarız	قورقارز	hayrat	1
sanmışlardı	صانمشلردی	hayrat	1
içinizden	ایچڭزدن	hayrat	1
üzerinizde	اوزریڭزده	hayrat	1
gidesiniz	كیده‌سڭز	hayrat	1
elbiseni	البسه‌ڭی	hayrat	1
baskın	باصقین	hayrat	1
hazırladığını	حاضرلادیغنی	hayrat	1
