# Hayrat'tan öğrenilen ek sonu kuralları (tools/hayrat_ek_ogren.py). S	çeviricinin_sonu	Hayrat_sonu	iyi	uygulanan
amadılar	مادیلر	مدیلر	3	3
amadılar	ادیلر	دیلر	3	3
amasıyla	ماسیله	مه‌سیله	3	4
amasıyla	اسیله	ه‌سیله	3	4
andırmak	ندرمق	اندیرمق	3	4
arımızla	لرمزله	لریمزله	3	3
arımızla	رمزله	ریمزله	3	4
ayacağım	اجقم	اجغم	3	3
ayacağım	جقم	جغم	3	3
ayacağım	قم	غم	3	3
bilirsin	رسین	رسڭ	10	12
bilirsin	سین	سڭ	10	12
bilirsin	ین	ڭ	10	12
ceklerdi	جكلردی	ه‌جكلردی	5	7
dirmeden	رمهدن	رمدن	3	4
dirmeden	مهدن	مدن	3	4
dirmeden	هدن	دن	3	4
dığından	لدقندن	لدیغندن	3	3
dığından	دقندن	دیغندن	7	8
dığından	قندن	یغندن	7	8
edikleri	لدكلری	له‌دكلری	3	4
elerimde	لریمده	لرمده	3	3
elerimde	ریمده	رمده	3	3
elerimde	یمده	مده	3	3
eleriyle	ملریله	مه‌لریله	3	4
enmesine	نمسنه	نمه‌سنه	3	4
enmesine	مسنه	مه‌سنه	3	4
enmesine	سنه	ه‌سنه	3	4
erimizde	رمزده	ریمزده	4	6
erindeki	رڭدهكی	رنده‌كی	3	3
erindeki	ڭدهكی	نده‌كی	3	3
etinizin	تیڭزڭ	تڭزڭ	3	3
etinizin	یڭزڭ	ڭزڭ	3	3
etlerini	لرڭی	لرینی	4	4
etlerini	رڭی	رینی	4	4
etlerini	ڭی	ینی	4	4
etmiştim	تمیشدم	تمشدم	3	3
etmiştim	میشدم	مشدم	3	3
etmiştim	یشدم	شدم	3	3
ildikten	لدیكدن	لدكدن	4	4
ildikten	دیكدن	دكدن	4	4
ildikten	یكدن	كدن	4	4
ilmemeli	لمملی	لمه‌ملی	3	4
ilmemeli	مملی	مه‌ملی	3	4
ilmemeli	ملی	ه‌ملی	3	4
ilmemesi	لممهسی	لمه‌مسی	4	5
ilmemesi	ممهسی	مه‌مسی	4	5
ilmemesi	مهسی	ه‌مسی	4	5
iremeyen	یرمین	یره‌مه‌ین	3	3
iremeyen	رمین	ره‌مه‌ین	3	3
iremeyen	مین	ه‌مه‌ین	3	3
iyetiniz	تیڭز	تڭز	4	5
iyetiniz	یڭز	ڭز	4	5
işmemesi	شممهسی	شمه‌مسی	3	3
işmemesi	ممهسی	مه‌مسی	3	3
işmemesi	مهسی	ه‌مسی	3	3
lacağını	اجقنی	اجغنی	5	5
lacağını	جقنی	جغنی	5	5
lacağını	قنی	غنی	5	5
lamasına	اماسنه	امه‌سنه	5	6
lamasına	ماسنه	مه‌سنه	5	6
lamasına	اسنه	ه‌سنه	5	6
lamasını	اماسنی	امه‌سنی	3	3
lamasını	ماسنی	مه‌سنی	3	3
lamasını	اسنی	ه‌سنی	3	3
landıran	ندرن	اندیران	3	5
larımdan	لریمدن	لرمدن	10	10
larımdan	ریمدن	رمدن	10	11
larımdan	یمدن	مدن	10	11
larımıza	لرمزه	لریمزه	4	4
larımıza	رمزه	ریمزه	4	6
larımızı	لرمزی	لریمزی	8	9
lediğini	لدیكنی	له‌دیكنی	3	3
lerimden	لریمدن	لرمدن	8	9
lerimden	ریمدن	رمدن	8	9
lerimden	یمدن	مدن	8	9
lerimize	لرمزه	لریمزه	4	6
lerimize	رمزه	ریمزه	4	6
lerinden	لرڭدن	لرندن	9	9
lerinden	رڭدن	رندن	9	9
lerinden	ڭدن	ندن	9	9
lerinize	لرڭزه	لریڭزه	4	4
lerinize	رڭزه	ریڭزه	4	4
lerinizi	رینیزی	ریڭزی	5	8
lerinizi	ینیزی	یڭزی	5	8
lerinizi	نیزی	ڭزی	5	8
liyorlar	هیورلر	یورلر	5	5
lmasıyla	لمسیله	لمه‌سیله	3	3
lmasıyla	مسیله	مه‌سیله	3	3
luğundan	لقندن	لغندن	3	3
luğundan	قندن	غندن	3	3
lığından	رلقندن	رلغندن	5	5
lığından	لقندن	لغندن	8	9
lığından	قندن	غندن	8	9
maklığım	اقلغیم	قلغم	6	6
maklığın	ماقلغڭ	مقلغڭ	3	4
maklığın	اقلغڭ	قلغڭ	3	4
maksızın	سزڭ	سزین	3	3
maksızın	زڭ	زین	3	3
maksızın	ڭ	ین	3	3
malarına	الرینه	ه‌لرینه	7	7
malarını	الرینی	ه‌لرینی	4	4
mamıştım	امیشدم	امشدم	5	5
mamıştım	میشدم	مشدم	5	5
mamıştım	یشدم	شدم	5	5
mediğimi	یكیمی	یكمی	6	7
mediğimi	كیمی	كمی	6	7
mediğimi	یمی	می	6	7
mekliğim	لكیم	لكم	4	6
mekliğim	كیم	كم	4	6
mekliğim	یم	م	4	6
memeleri	ممهلری	مه‌مه‌لری	8	8
memiştim	ممیشدم	مه‌مشدم	3	3
memiştim	میشدم	ه‌مشدم	3	3
mesinden	همسندن	ه‌مه‌سندن	4	4
mesinden	مسندن	مه‌سندن	9	12
meyeceği	میهجكی	ه‌میه‌جكی	3	5
muyorsun	ایورسڭ	ییورسڭ	3	3
nacağını	اجقنی	اجغنی	3	3
nacağını	جقنی	جغنی	3	3
nacağını	قنی	غنی	3	3
ndürüyor	ورویور	یرییور	3	3
nliğinde	لیكنده	لكنده	3	3
nliğinde	یكنده	كنده	3	3
ramadığı	مادیغی	مدیغی	5	5
ramadığı	ادیغی	دیغی	5	5
rmesiyle	مهسیله	مسیله	3	3
rmesiyle	هسیله	سیله	3	3
rmeyiniz	رمییڭز	رمه‌ییڭز	5	5
rmeyiniz	مییڭز	مه‌ییڭز	5	5
rmeyiniz	ییڭز	ه‌ییڭز	5	5
rımızdan	لرمزدن	لریمزدن	4	4
rımızdan	رمزدن	ریمزدن	4	4
tinizden	تیڭزدن	تڭزدن	4	4
tinizden	یڭزدن	ڭزدن	4	4
ulduğunu	یغینی	یغنی	3	3
ulduğunu	غینی	غنی	3	3
ulduğunu	ینی	نی	3	3
ulmaması	امهسی	امسی	3	3
ulmaması	مهسی	مسی	3	3
ulmaması	هسی	سی	3	3
yecektim	یجكدم	یه‌جكدم	3	4
yecektim	جكدم	ه‌جكدم	3	4
yetinizi	یتیڭزی	یتڭزی	3	3
yetinizi	تیڭزی	تڭزی	3	3
yetinizi	یڭزی	ڭزی	3	3
âdkârâne	قارانه	كارانه	3	3
ğımızdan	غیمزدن	غمزدن	3	3
ğımızdan	یمزدن	مزدن	3	3
ılacağım	اجقم	اجغم	3	3
ılacağım	جقم	جغم	3	3
ılacağım	قم	غم	3	3
ıldıktan	لدیقدن	لدقدن	4	4
ıldıktan	دیقدن	دقدن	4	4
ıldıktan	یقدن	قدن	4	4
ılmaktan	لماقدن	لمقدن	3	3
ılmaktan	ماقدن	مقدن	3	3
ılmaktan	اقدن	قدن	3	3
ılmasına	لماسنه	لمه‌سنه	12	15
ılmasına	ماسنه	مه‌سنه	12	15
ılmasına	اسنه	ه‌سنه	12	15
ılmasını	لماسنی	لمه‌سنی	5	6
ılmasını	ماسنی	مه‌سنی	5	6
ılmasını	اسنی	ه‌سنی	5	6
ıracağım	اجقم	اجغم	3	3
ıracağım	جقم	جغم	3	3
ıracağım	قم	غم	3	3
acaktım	اجاقدم	اجقدم	6	6
acaktım	جاقدم	جقدم	6	6
acaktım	اقدم	قدم	6	6
acağına	اجقنه	اجغنه	5	5
acağına	جقنه	جغنه	5	5
acağına	قنه	غنه	5	5
acağını	اجقنی	اجغنی	16	16
acağını	جقنی	جغنی	16	16
acağını	قنی	غنی	16	16
aklığım	اقلغیم	قلغم	6	6
aklığın	ماقلغڭ	مقلغڭ	3	4
aklığın	اقلغڭ	قلغڭ	3	4
aksızın	سزڭ	سزین	3	3
aksızın	زڭ	زین	3	3
aksızın	ڭ	ین	3	3
amadığı	مادیغی	مدیغی	9	9
amadığı	ادیغی	دیغی	9	9
amadığı	مدقی	مدیغی	4	4
amadığı	دقی	دیغی	4	5
amadığı	قی	یغی	4	5
amasına	اماسنه	امه‌سنه	6	10
amasına	ماسنه	مه‌سنه	6	10
amasına	اسنه	ه‌سنه	6	10
amıştım	امیشدم	امشدم	7	7
amıştım	میشدم	مشدم	7	7
amıştım	یشدم	شدم	7	7
andıran	ندرن	اندیران	3	5
anların	نلارڭ	نلرڭ	3	4
anların	لارڭ	لرڭ	3	4
anların	ارڭ	رڭ	3	4
anlığın	نلقڭ	نلغڭ	3	3
anlığın	لقڭ	لغڭ	3	3
anlığın	قڭ	غڭ	3	3
anmadan	نمهدن	نمدن	3	3
anmadan	مهدن	مدن	3	3
anmadan	هدن	دن	3	3
arlarsa	رلارسه	رلرسه	3	3
arlarsa	لارسه	لرسه	3	3
arlarsa	ارسه	رسه	3	3
arımdan	لریمدن	لرمدن	10	10
arımdan	ریمدن	رمدن	10	11
arımdan	یمدن	مدن	10	11
arımıza	لرمزه	لریمزه	4	4
arımıza	رمزه	ریمزه	4	6
arımızı	لرمزی	لریمزی	8	9
arınıza	رڭزه	ریڭزه	3	3
atinize	تیڭزه	تڭزه	3	3
atinize	یڭزه	ڭزه	3	3
ayacağı	اجقی	اجغی	3	3
ayacağı	جقی	جغی	3	3
ayacağı	قی	غی	3	3
ağından	قندن	غندن	3	4
betimiz	تیمز	تمز	3	3
betimiz	یمز	مز	3	3
bileyim	یلییم	یله‌یم	3	3
bileyim	لییم	له‌یم	3	3
bileyim	ییم	ه‌یم	3	3
dederek	یدهرك	یدرك	4	4
dederek	دهرك	درك	4	5
dederek	هرك	رك	4	5
diğinin	یكینڭ	یكنڭ	3	3
diğinin	كینڭ	كنڭ	3	3
diğinin	ینڭ	نڭ	3	3
dkârâne	قارانه	كارانه	5	6
duracak	دوراجق	دیراجق	4	4
duracak	وراجق	یراجق	4	4
duruyor	ورویور	یرییور	3	3
duğumuz	یغیمز	یغمز	8	8
duğumuz	غیمز	غمز	8	8
duğumuz	یمز	مز	8	8
duğunuz	یغیڭز	یغڭز	5	5
duğunuz	غیڭز	غڭز	5	5
duğunuz	یڭز	ڭز	5	5
dârlığı	رلقی	رلغی	5	5
dârlığı	لقی	لغی	5	5
dârlığı	قی	غی	5	5
dürecek	دورهجك	دیره‌جك	3	3
dürecek	ورهجك	یره‌جك	3	3
dürmeye	دورمكه	دیرمكه	3	3
dürmeye	ورمكه	یرمكه	3	3
dürüyor	ورویور	یرییور	6	6
ecektim	یجكدم	یه‌جكدم	3	4
ecektim	جكدم	ه‌جكدم	8	10
ediğimi	یكیمی	یكمی	6	7
ediğimi	كیمی	كمی	6	7
ediğimi	یمی	می	6	7
ediğini	لدیكنی	له‌دیكنی	3	3
eklerdi	جكلردی	ه‌جكلردی	5	7
ekliğim	لكیم	لكم	4	6
ekliğim	كیم	كم	4	6
ekliğim	یم	م	4	6
emeleri	ممهلری	مه‌مه‌لری	8	8
emiştim	ممیشدم	مه‌مشدم	3	3
emiştim	میشدم	ه‌مشدم	5	6
erimden	لریمدن	لرمدن	8	9
erimden	ریمدن	رمدن	8	9
erimden	یمدن	مدن	8	9
erimize	لرمزه	لریمزه	4	6
erimize	رمزه	ریمزه	5	7
erinden	لرڭدن	لرندن	9	9
erinden	رڭدن	رندن	9	9
erinden	ڭدن	ندن	9	9
erinize	لرڭزه	لریڭزه	4	4
erinize	رڭزه	ریڭزه	4	4
erinizi	رینیزی	ریڭزی	5	8
erinizi	ینیزی	یڭزی	5	8
erinizi	نیزی	ڭزی	5	8
esinden	همسندن	ه‌مه‌سندن	4	4
esinden	مسندن	مه‌سندن	9	12
etimizi	تیمزی	تمزی	5	5
etimizi	یمزی	مزی	5	5
etinize	تیڭزه	تڭزه	6	6
etinize	یڭزه	ڭزه	6	6
etinizi	یتیڭزی	یتڭزی	3	3
etinizi	تیڭزی	تڭزی	4	4
etinizi	یڭزی	ڭزی	4	4
etmeyen	تمین	تمه‌ین	3	4
etmeyen	مین	مه‌ین	3	4
etmeyen	ین	ه‌ین	3	4
eyeceği	میهجكی	ه‌میه‌جكی	3	5
ilirsin	رسین	رسڭ	10	12
ilirsin	سین	سڭ	10	12
ilirsin	ین	ڭ	10	12
ilmeyen	لمین	لمه‌ین	5	7
ilmeyen	مین	مه‌ین	5	7
ilmeyen	ین	ه‌ین	5	7
inizden	تیڭزدن	تڭزدن	4	4
irdiniz	ردڭز	ردیڭز	3	3
irdiniz	دڭز	دیڭز	3	3
irmeden	رمهدن	رمدن	5	7
irmeden	مهدن	مدن	5	7
irmeden	هدن	دن	5	7
irmeyen	رمین	رمه‌ین	4	5
irmeyen	مین	مه‌ین	4	5
irmeyen	ین	ه‌ین	4	5
iyledir	ییلهدر	یله‌در	3	3
iyorlar	هیورلر	یورلر	6	6
işmeden	شمهدن	شمدن	3	3
işmeden	مهدن	مدن	3	3
işmeden	هدن	دن	3	3
işmeyen	شمین	شمه‌ین	3	3
işmeyen	مین	مه‌ین	3	3
işmeyen	ین	ه‌ین	3	3
iştiniz	شدڭز	شدیڭز	4	4
iştiniz	دڭز	دیڭز	4	4
iştiniz	ڭز	یڭز	4	4
ktığını	قدقنی	قدیغنی	3	3
ktığını	دقنی	دیغنی	3	3
ktığını	قنی	یغنی	3	3
lacağım	اجقم	اجغم	5	5
lacağım	جقم	جغم	5	5
lacağım	قم	غم	5	5
lardaki	اردهكی	رده‌كی	5	7
larımda	لریمده	لرمده	4	4
larımda	ریمده	رمده	4	5
larımda	یمده	مده	4	5
larımız	لرمز	لریمز	3	3
larının	لرڭڭ	لرینڭ	8	8
larının	رڭڭ	رینڭ	8	8
larının	ڭڭ	ینڭ	8	8
layacak	لهیاجق	لایاجق	9	10
layacak	هیاجق	ایاجق	9	10
layarak	لهیارق	لایارق	7	10
layarak	هیارق	ایارق	7	10
ldikten	لدیكدن	لدكدن	4	4
ldikten	دیكدن	دكدن	4	4
ldikten	یكدن	كدن	4	4
lduğunu	یغینی	یغنی	3	3
lduğunu	غینی	غنی	3	3
lduğunu	ینی	نی	3	3
ldıktan	لدیقدن	لدقدن	5	5
ldıktan	دیقدن	دقدن	5	5
ldıktan	یقدن	قدن	5	5
lediğim	لدیكم	له‌دیكم	3	4
lemeyen	لمین	له‌مه‌ین	3	3
lemeyen	مین	ه‌مه‌ین	3	5
lemiyor	لمییور	له‌مییور	3	3
lerimde	لریمده	لرمده	8	8
lerimde	ریمده	رمده	8	8
lerimde	یمده	مده	8	8
lerimiz	لرمز	لریمز	8	11
lerimiz	رمز	ریمز	8	11
lerinin	لرڭڭ	لرینڭ	4	4
lerinin	رڭڭ	رینڭ	4	4
lerinin	ڭڭ	ینڭ	4	4
leyecek	لیهجك	له‌یه‌جك	4	4
leyerek	لیهرك	له‌یه‌رك	3	4
liğimiz	لیكمز	لكمز	3	3
liğimiz	یكمز	كمز	3	3
liğinde	لیكنده	لكنده	6	6
liğinde	یكنده	كنده	6	6
liğinin	لكینڭ	لكنڭ	3	5
liğinin	كینڭ	كنڭ	3	5
liğinin	ینڭ	نڭ	3	5
lmaktan	لماقدن	لمقدن	6	6
lmaktan	ماقدن	مقدن	6	6
lmaktan	اقدن	قدن	6	6
lmasına	لماسنه	لمه‌سنه	15	18
lmasına	ماسنه	مه‌سنه	15	18
lmasına	اسنه	ه‌سنه	15	18
lmasını	لماسنی	لمه‌سنی	10	13
lmasını	ماسنی	مه‌سنی	10	13
lmasını	اسنی	ه‌سنی	10	13
lmemeli	لمملی	لمه‌ملی	4	5
lmemeli	مملی	مه‌ملی	4	5
lmemeli	ملی	ه‌ملی	4	5
lmemesi	لممهسی	لمه‌مسی	6	7
lmemesi	ممهسی	مه‌مسی	6	7
lmemesi	مهسی	ه‌مسی	6	7
luğunda	لقنده	لغنده	3	3
luğunda	قنده	غنده	3	3
lığında	لقنده	لغنده	4	4
lığında	قنده	غنده	4	4
lığının	لقنڭ	لغنڭ	3	3
lığının	قنڭ	غنڭ	3	3
madılar	مادیلر	مدیلر	3	3
madılar	ادیلر	دیلر	3	3
madınız	مدڭز	مدیڭز	3	4
madınız	دڭز	دیڭز	3	5
madığın	مدقڭ	مدیغڭ	3	3
madığın	دقڭ	دیغڭ	3	3
madığın	قڭ	یغڭ	3	3
malıdır	مهلیدر	ملیدر	3	3
malıdır	هلیدر	لیدر	3	3
malıyız	الیییز	لی ییز	11	14
manlığı	نلقی	نلغی	3	3
manlığı	لقی	لغی	3	3
manlığı	قی	غی	3	3
masının	ماسنڭ	مه‌سنڭ	6	6
masının	اسنڭ	ه‌سنڭ	6	6
masıyla	لمسیله	لمه‌سیله	4	4
mayalım	الیم	الم	3	3
mayalım	لیم	لم	3	3
mayalım	یم	م	3	3
memekle	ممكله	مه‌مكله	3	4
mesinde	مسنده	مه‌سنده	5	6
metiniz	تیڭز	تڭز	3	3
metiniz	یڭز	ڭز	3	3
metinle	متینله	متڭله	3	4
metinle	تینله	تڭله	3	4
metinle	ینله	ڭله	3	4
meyelim	میلیم	مه‌یه‌لم	3	4
meyelim	یلیم	ه‌یه‌لم	3	4
meyiniz	رمییڭز	رمه‌ییڭز	5	5
meyiniz	تمییڭز	تمه‌ییڭز	3	3
meyiniz	مییڭز	مه‌ییڭز	17	19
meyiniz	ییڭز	ه‌ییڭز	17	19
muyordu	ایوردی	ییوردی	3	3
ndırmak	ندرمق	اندیرمق	3	4
nmamalı	امالی	املی	3	3
nmamalı	مالی	ملی	3	3
nmamalı	الی	لی	3	3
nmasını	نماسنی	نمه‌سنی	5	6
nmasını	ماسنی	مه‌سنی	5	6
nmasını	اسنی	ه‌سنی	5	6
nmesine	نمسنه	نمه‌سنه	3	4
nmesine	مسنه	مه‌سنه	3	4
racağım	اجقم	اجغم	6	6
racağım	جقم	جغم	6	6
racağım	قم	غم	6	6
redecek	ردهجك	ر ایده‌جك	3	5
redecek	دهجك	ایده‌جك	3	5
remedim	رمدم	ره‌مدم	4	4
remedim	مدم	ه‌مدم	4	4
remeyen	یرمین	یره‌مه‌ین	3	3
remeyen	رمین	ره‌مه‌ین	5	5
remeyen	مین	ه‌مه‌ین	5	5
retiniz	رتیڭز	رتڭز	4	4
retiniz	تیڭز	تڭز	4	4
retiniz	یڭز	ڭز	4	4
rimizde	رمزده	ریمزده	4	6
rindeki	رڭدهكی	رنده‌كی	4	4
rindeki	ڭدهكی	نده‌كی	4	4
rkârâne	قارانه	كارانه	3	4
rmasına	رماسنه	رمه‌سنه	3	3
rmasına	ماسنه	مه‌سنه	3	3
rmasına	اسنه	ه‌سنه	3	3
rmasını	رماسنی	رمه‌سنی	3	5
rmasını	رمسنی	رمه‌سنی	3	3
rmasını	ماسنی	مه‌سنی	3	5
rmasını	مسنی	مه‌سنی	3	3
rmasını	اسنی	ه‌سنی	3	5
rmemesi	رممهسی	رمه‌مسی	3	3
rmemesi	ممهسی	مه‌مسی	3	3
rmemesi	مهسی	ه‌مسی	3	4
rmenizi	رمنیزی	رمه‌ڭزی	3	3
rmenizi	منیزی	مه‌ڭزی	3	3
rmenizi	نیزی	ه‌ڭزی	3	3
rmiştim	رمیشدم	رمشدم	4	4
rmiştim	میشدم	مشدم	4	4
rmiştim	یشدم	شدم	4	4
rımızda	رمزده	ریمزده	3	4
rımızla	لرمزله	لریمزله	3	3
rımızla	رمزله	ریمزله	3	4
rımızın	رمزڭ	ریمزڭ	3	5
rındaki	رڭدهكی	رنده‌كی	3	3
rındaki	ڭدهكی	نده‌كی	3	3
sızlığa	زلقه	زلغه	5	5
sızlığa	لقه	لغه	5	5
sızlığa	قه	غه	5	5
sızlığı	زلقی	زلغی	7	7
sızlığı	لقی	لغی	7	7
sızlığı	قی	غی	7	7
timizin	تیمزڭ	تمزڭ	3	3
timizin	یمزڭ	مزڭ	3	3
tinizin	تیڭزڭ	تڭزڭ	3	3
tinizin	یڭزڭ	ڭزڭ	3	3
tlerini	لرڭی	لرینی	7	7
tlerini	رڭی	رینی	7	7
tlerini	ڭی	ینی	7	7
tmiştim	تمیشدم	تمشدم	4	4
tmiştim	میشدم	مشدم	4	4
tmiştim	یشدم	شدم	4	4
turuyor	یرویور	یرییور	3	3
turuyor	رویور	رییور	3	4
turuyor	ویور	ییور	3	4
unmuyor	نمایور	نمییور	4	4
unmuyor	مایور	مییور	4	4
unmuyor	ایور	ییور	4	4
uyorsun	ایورسڭ	ییورسڭ	3	3
uğundan	لقندن	لغندن	3	3
uğundan	قندن	غندن	3	5
uşturur	یرور	یرر	3	3
uşturur	رور	رر	3	3
uşturur	ور	ر	3	3
yacağım	اجقم	اجغم	4	4
yacağım	جقم	جغم	4	4
yacağım	قم	غم	4	4
yetiniz	تیڭز	تڭز	4	5
yetiniz	یڭز	ڭز	4	5
âkârâne	قارانه	كارانه	6	7
ârlığım	رلقم	رلغم	3	3
ârlığım	لقم	لغم	3	3
ârlığım	قم	غم	3	3
âtınızı	یڭزی	ڭزی	3	3
ımızdan	لرمزدن	لریمزدن	4	4
ımızdan	غیمزدن	غمزدن	3	3
ımızdan	رمزدن	ریمزدن	4	4
ığımdan	دقمدن	دیغمدن	3	3
ığımdan	قمدن	یغمدن	3	3
ığından	رلقندن	رلغندن	5	5
ığından	لدقندن	لدیغندن	3	3
ığından	دقندن	دیغندن	9	10
ığından	لقندن	لغندن	8	9
şmasına	شماسنه	شمه‌سنه	3	3
şmasına	ماسنه	مه‌سنه	3	3
şmasına	اسنه	ه‌سنه	3	3
şmemesi	شممهسی	شمه‌مسی	4	4
şmemesi	ممهسی	مه‌مسی	4	4
şmemesi	مهسی	ه‌مسی	4	4
ştırsan	رسان	رسه‌ڭ	4	4
ştırsan	سان	سه‌ڭ	4	4
ştırsan	ان	ه‌ڭ	4	4
şımdaki	یمدهكی	مده‌كی	3	3
acağım	اجقم	اجغم	27	27
acağım	جقم	جغم	27	27
acağım	قم	غم	27	27
adılar	مادیلر	مدیلر	3	3
adımın	دمڭ	دیمڭ	3	3
adımın	مڭ	یمڭ	3	3
adınız	مدڭز	مدیڭز	3	4
adınız	دڭز	دیڭز	4	6
adığım	ادقم	ادیغم	4	5
adığım	دقم	دیغم	5	7
adığım	قم	یغم	5	7
adığın	مدقڭ	مدیغڭ	3	3
adığın	دقڭ	دیغڭ	3	3
adığın	قڭ	یغڭ	3	3
alıdır	مهلیدر	ملیدر	3	3
alıdır	هلیدر	لیدر	3	3
alıyız	الیییز	لی ییز	11	14
amının	مینڭ	منڭ	3	3
amının	ینڭ	نڭ	3	3
anlara	نلاره	نلره	3	4
anlara	لاره	لره	3	4
anlara	اره	ره	3	4
anlığa	نلقه	نلغه	3	3
anlığa	لقه	لغه	3	3
anlığa	قه	غه	3	3
anlığı	نلقی	نلغی	4	4
anlığı	لقی	لغی	4	4
anlığı	قی	غی	4	4
ardaki	اردهكی	رده‌كی	5	8
arımda	لریمده	لرمده	4	4
arımda	ریمده	رمده	4	5
arımda	یمده	مده	4	5
arımız	لرمز	لریمز	3	3
arının	لرڭڭ	لرینڭ	8	8
arının	رڭڭ	رینڭ	9	9
arının	ڭڭ	ینڭ	9	9
asının	ماسنڭ	مه‌سنڭ	6	6
asıyla	لمسیله	لمه‌سیله	4	4
atımız	تیمز	تمز	4	4
atımız	یمز	مز	4	4
atınız	تیڭز	تڭز	3	3
atınız	یڭز	ڭز	3	3
ayacak	لهیاجق	لایاجق	9	10
ayacak	هیاجق	ایاجق	13	16
ayalım	الیم	الم	5	5
ayalım	لیم	لم	5	5
ayalım	یم	م	5	5
ayarak	لهیارق	لایارق	7	10
ayarak	هیارق	ایارق	10	15
ağında	اقنده	اغنده	6	6
ağında	قنده	غنده	6	6
caktım	اجاقدم	اجقدم	6	6
caktım	جاقدم	جقدم	6	6
caktım	اقدم	قدم	6	6
cağına	اجقنه	اجغنه	5	5
cağına	جقنه	جغنه	5	5
cağına	قنه	غنه	5	5
cağını	اجقنی	اجغنی	16	16
cağını	جقنی	جغنی	16	16
cağını	قنی	غنی	17	17
cektim	یجكدم	یه‌جكدم	3	4
cektim	جكدم	ه‌جكدم	8	10
dikten	لدیكدن	لدكدن	4	5
dikten	دیكدن	دكدن	10	13
dikten	یكدن	كدن	10	13
diğimi	یكیمی	یكمی	9	10
diğimi	كیمی	كمی	9	10
diğimi	یمی	می	9	10
duktan	دوقدن	دقدن	4	4
duktan	وقدن	قدن	4	4
durmak	دورمق	دیرمق	6	6
durmak	ورمق	یرمق	6	6
duğunu	یغینی	یغنی	7	7
duğunu	غینی	غنی	7	7
duğunu	دقنی	دیغنی	3	3
duğunu	ینی	نی	7	7
duğunu	قنی	یغنی	3	3
dâdına	ادنه	ادینه	3	3
dâdına	دنه	دینه	3	3
dükten	دوكدن	دكدن	3	4
dükten	وكدن	كدن	3	4
dürmek	دورمك	دیرمك	5	5
dürmek	ورمك	یرمك	5	5
düğünü	یكینی	یكنی	3	5
düğünü	كینی	كنی	3	5
düğünü	ینی	نی	3	5
dıktan	لدیقدن	لدقدن	5	5
dırmak	ندرمق	اندیرمق	3	4
dığını	دقنی	دیغنی	7	8
dığını	قنی	یغنی	7	8
eceğin	جكڭ	ه‌جكڭ	3	4
edecek	ردهجك	ر ایده‌جك	3	5
ederek	یدهرك	یدرك	12	12
edikçe	دكجه	ه‌دكجه	3	3
ediniz	دڭز	دیڭز	3	3
ediyet	دییت	دیّت	3	4
ediyet	ییت	یّت	3	4
ediyet	یت	ت	3	4
ediğim	لدیكم	له‌دیكم	3	4
elendi	لندی	ه‌لندی	3	3
emedim	رمدم	ره‌مدم	4	4
emekle	ممكله	مه‌مكله	3	4
ememiş	هممش	ه‌مه‌مش	3	3
emeyen	یرمین	یره‌مه‌ین	3	3
emeyen	رمین	ره‌مه‌ین	5	5
emeyen	همین	ه‌مه‌ین	4	4
emeyen	لمین	له‌مه‌ین	3	3
emeyen	مین	ه‌مه‌ین	13	17
emeyip	همیوب	ه‌مه‌یوب	4	4
emeyip	میوب	مه‌یوب	4	6
emeyip	یوب	ه‌یوب	4	6
emiyor	دمییور	ده‌مییور	3	5
emiyor	لمییور	له‌مییور	3	3
erimde	لریمده	لرمده	8	8
erimde	ریمده	رمده	10	10
erimde	یمده	مده	10	10
erimiz	لرمز	لریمز	8	11
erimiz	رمز	ریمز	10	14
erinin	لرڭڭ	لرینڭ	4	4
erinin	رنڭ	رینڭ	6	6
erinin	رڭڭ	رینڭ	4	4
erinin	ڭڭ	ینڭ	4	4
esinde	مسنده	مه‌سنده	5	6
etimiz	تیمز	تمز	10	10
etimiz	یمز	مز	10	10
etinin	تینڭ	تنڭ	11	13
etinin	ینڭ	نڭ	11	13
etiniz	رتیڭز	رتڭز	4	4
etiniz	تیڭز	تڭز	17	18
etiniz	یڭز	ڭز	17	18
etinle	متینله	متڭله	3	4
etinle	تینله	تڭله	9	10
etinle	ینله	ڭله	9	10
eyecek	لیهجك	له‌یه‌جك	4	4
eyelim	میلیم	مه‌یه‌لم	3	4
eyelim	یلیم	ه‌یه‌لم	5	7
eyerek	لیهرك	له‌یه‌رك	3	4
eyiniz	رمییڭز	رمه‌ییڭز	5	5
eyiniz	تمییڭز	تمه‌ییڭز	3	3
eyiniz	مییڭز	مه‌ییڭز	17	19
eğinin	كینڭ	كنڭ	6	6
eğinin	ینڭ	نڭ	6	6
eşinin	شینڭ	شنڭ	3	3
eşinin	ینڭ	نڭ	3	3
hiyâne	حیانه	هیانه	3	3
hâdına	ادنه	ادینه	3	3
hâdına	دنه	دینه	3	3
hâdına	نه	ینه	3	3
idinin	دنڭ	دینڭ	4	4
ileyim	یلییم	یله‌یم	3	3
ileyim	لییم	له‌یم	3	3
ileyim	ییم	ه‌یم	3	3
imizde	رمزده	ریمزده	4	6
imizin	تیمزڭ	تمزڭ	3	3
indeki	رڭدهكی	رنده‌كی	4	4
indeki	ڭدهكی	نده‌كی	6	6
inizde	ینیزده	ڭزده	3	4
inizin	تیڭزڭ	تڭزڭ	3	3
irinin	رنڭ	رینڭ	3	3
iyorum	ههیورم	ه‌یورم	4	4
iğimiz	لیكمز	لكمز	3	3
iğinde	لیكنده	لكنده	6	6
iğinin	یكینڭ	یكنڭ	5	5
iğinin	لكینڭ	لكنڭ	3	5
iğinin	كینڭ	كنڭ	9	11
iğinin	ینڭ	نڭ	9	11
kirâne	قرانه	كّرانه	4	4
kirâne	قرانه	كرانه	4	4
klerdi	جكلردی	ه‌جكلردی	5	7
kliğim	لكیم	لكم	4	6
kliğim	كیم	كم	4	6
kliğim	یم	م	4	6
klığım	اقلغیم	قلغم	6	6
klığın	ماقلغڭ	مقلغڭ	3	4
klığın	اقلغڭ	قلغڭ	3	4
ksızın	سزڭ	سزین	3	3
ksızın	زڭ	زین	3	3
ksızın	ڭ	ین	3	3
ktıran	قتیران	قدیران	3	3
ktıran	تیران	دیران	3	3
ktığım	قدقم	قدیغم	3	3
ktığım	دقم	دیغم	3	3
ktığım	قم	یغم	3	3
kârına	ارنه	ارینه	3	3
kârına	رنه	رینه	3	3
lamalı	امالی	املی	3	4
lamalı	مالی	ملی	3	4
lamalı	الی	لی	3	4
larına	لرڭه	لرینه	6	6
larına	رڭه	رینه	6	6
larına	ڭه	ینه	6	6
larını	لرڭی	لرینی	7	7
larını	رڭی	رینی	7	7
larını	ڭی	ینی	7	7
layıcı	لهییجی	لاییجی	4	4
layıcı	هییجی	اییجی	4	4
lediği	لدیكی	له‌دیكی	4	4
lemesi	همهسی	ه‌مسی	4	4
lerine	لرڭه	لرینه	7	7
lerine	رڭه	رینه	7	7
lerini	لرڭی	لرینی	13	13
lerini	لرنی	لرینی	4	4
lerini	رڭی	رینی	13	13
lerini	رنی	رینی	4	4
lerini	ڭی	ینی	13	13
lirsin	رسین	رسڭ	10	12
lirsin	سین	سڭ	10	12
lirsin	ین	ڭ	10	12
liğime	لیكیمه	لكمه	3	3
liğime	یكیمه	كمه	3	3
liğine	لیكینه	لكنه	3	4
liğine	لكینه	لكنه	5	5
liğine	یكینه	كنه	3	4
liğini	لیكینی	لكنی	4	5
liğini	یكینی	كنی	4	5
lmadan	لمهدن	لمادن	4	6
lmadan	مهدن	مادن	4	6
lmadan	هدن	ادن	4	6
lmeden	لمهدن	لمدن	4	5
lmeden	مهدن	مدن	4	5
lmeden	هدن	دن	4	5
lmeyen	لمین	لمه‌ین	9	11
lmeyen	مین	مه‌ین	9	11
lmeyen	ین	ه‌ین	9	11
lmişiz	لمیشیز	لمشز	3	3
lmişiz	میشیز	مشز	3	3
lmişiz	یشیز	شز	3	3
lyakîn	قلیقین	قّ الیقین	3	3
lyakîn	قلیقین	ق الیقین	3	3
lığına	لغینه	لغنه	4	4
lığına	غینه	غنه	5	7
lığına	لقنه	لغنه	4	4
lığına	لغڭه	لغنه	3	3
lığına	ینه	نه	5	7
lığına	قنه	غنه	4	4
lığına	غڭه	غنه	3	3
lığına	ڭه	نه	3	3
madığı	مدقی	مدیغی	7	7
madığı	دقی	دیغی	7	9
madığı	قی	یغی	7	9
maktan	لماقدن	لمقدن	6	6
maktan	ماقدن	مقدن	14	14
maktan	اقدن	قدن	14	14
maktır	ماقدر	مقدر	8	8
maktır	اقدر	قدر	8	8
maları	مالری	مه‌لری	10	10
maları	الری	ه‌لری	10	10
mamalı	امالی	املی	7	8
mamalı	مالی	ملی	7	8
mamalı	الی	لی	7	8
mamıza	مامیزه	مه‌مزه	3	3
mamıza	امیزه	ه‌مزه	3	3
manıza	مانیزه	مه‌ڭزه	3	3
manıza	انیزه	ه‌ڭزه	3	3
manızı	مانیزی	مه‌ڭزی	4	5
manızı	انیزی	ه‌ڭزی	4	5
masına	اماسنه	امه‌سنه	6	10
masına	شماسنه	شمه‌سنه	3	3
masına	رماسنه	رمه‌سنه	3	3
masına	ماسنه	مه‌سنه	40	50
masına	اسنه	ه‌سنه	40	50
masını	لماسنی	لمه‌سنی	12	15
masını	نماسنی	نمه‌سنی	5	6
masını	رماسنی	رمه‌سنی	3	5
masını	ماسنی	مه‌سنی	30	39
masını	رمسنی	رمه‌سنی	3	3
masını	اسنی	ه‌سنی	30	39
masını	مسنی	مه‌سنی	4	4
mazsan	زسان	زسه‌ڭ	10	11
mazsan	سان	سه‌ڭ	10	11
mazsan	ان	ه‌ڭ	10	11
meleri	ممهلری	مه‌مه‌لری	8	8
memeli	لمملی	لمه‌ملی	4	5
memeli	مملی	مه‌ملی	7	10
memeli	ملی	ه‌ملی	7	10
memesi	لممهسی	لمه‌مسی	6	7
memesi	شممهسی	شمه‌مسی	4	4
memesi	رممهسی	رمه‌مسی	3	4
memesi	ممهسی	مه‌مسی	15	20
memesi	همهسی	ه‌مسی	3	3
memesi	مهسی	ه‌مسی	15	23
memeye	ممهیه	مه‌مكه	3	5
memize	ممیزه	مه‌مزه	4	5
memize	میزه	ه‌مزه	4	5
menizi	رمنیزی	رمه‌ڭزی	3	3
menizi	منیزی	مه‌ڭزی	4	6
menizi	نیزی	ه‌ڭزی	4	6
mesine	نمسنه	نمه‌سنه	3	4
mezsem	زسم	زسه‌م	4	4
mezsem	سم	سه‌م	4	4
mezsem	م	ه‌م	4	4
mişken	میشكن	مشكن	3	4
mişken	یشكن	شكن	3	4
miştim	تمیشدم	تمشدم	5	5
miştim	رمیشدم	رمشدم	4	4
miştim	ممیشدم	مه‌مشدم	3	3
miştim	میشدم	مشدم	12	18
miştim	یشدم	شدم	12	18
muştum	موشدم	مشدم	5	6
muştum	وشدم	شدم	5	6
mızdan	لرمزدن	لریمزدن	4	4
mızdan	غیمزدن	غمزدن	3	3
mızdan	رمزدن	ریمزدن	4	4
mıştım	امیشدم	امشدم	7	7
mıştım	میشدم	مشدم	11	11
mıştım	یشدم	شدم	11	11
ndürür	ندورور	ندیرر	3	3
ndürür	دورور	دیرر	3	3
ndürür	ورور	یرر	3	3
ndıran	ندرن	اندیران	3	5
nesini	نسنی	نه‌سنی	4	4
nizden	تیڭزدن	تڭزدن	4	4
nlarca	نلارجه	نلرجه	3	4
nlarca	لارجه	لرجه	3	4
nlarca	ارجه	رجه	3	4
nların	نلارڭ	نلرڭ	3	4
nların	لارڭ	لرڭ	3	4
nların	ارڭ	رڭ	3	4
nlığın	نلقڭ	نلغڭ	4	4
nlığın	لقڭ	لغڭ	4	4
nlığın	قڭ	غڭ	4	4
nmadan	نمهدن	نمدن	5	5
nmadan	مهدن	مدن	5	5
nmadan	هدن	دن	5	5
nmeden	نمهدن	نمدن	3	4
nmeden	مهدن	مدن	3	4
nmeden	هدن	دن	3	4
nmeyen	نمین	نمه‌ین	7	7
nmeyen	مین	مه‌ین	7	7
nmeyen	ین	ه‌ین	7	7
nmuyor	نمایور	نمییور	4	4
nmuyor	مایور	مییور	4	4
nmuyor	ایور	ییور	4	4
ptırır	پتیرر	پدیرر	3	3
ptırır	تیرر	دیرر	3	3
rarına	ارنه	ارینه	3	3
rarına	رنه	رینه	4	4
rarına	نه	ینه	4	4
rarını	رنی	رینی	3	4
rarını	نی	ینی	3	4
rdiniz	ردڭز	ردیڭز	5	6
rdiniz	دڭز	دیڭز	5	6
rdınız	ردڭز	ردیڭز	3	3
rdınız	دڭز	دیڭز	3	3
rdınız	ڭز	یڭز	3	3
rimden	لریمدن	لرمدن	8	9
rimden	ریمدن	رمدن	8	9
rimden	یمدن	مدن	8	9
rimize	لرمزه	لریمزه	4	6
rimize	رمزه	ریمزه	5	8
rinden	لرڭدن	لرندن	9	9
rinden	رڭدن	رندن	9	9
rinden	ڭدن	ندن	9	9
rinize	لرڭزه	لریڭزه	4	4
rinize	رڭزه	ریڭزه	5	5
rinizi	رڭزی	ریڭزی	3	3
rlardı	رلاردی	رلردی	4	4
rlardı	لاردی	لردی	4	4
rlardı	اردی	ردی	4	4
rlarsa	رلارسه	رلرسه	5	5
rlarsa	لارسه	لرسه	5	5
rlarsa	ارسه	رسه	5	5
rlığım	رلقم	رلغم	3	3
rlığım	لقم	لغم	3	3
rlığım	قم	غم	3	3
rlığın	رلقڭ	رلغڭ	3	3
rlığın	لقڭ	لغڭ	3	3
rlığın	قڭ	غڭ	3	3
rmeden	رمهدن	رمدن	10	13
rmeden	مهدن	مدن	10	13
rmeden	هدن	دن	10	13
rmeyen	رمین	رمه‌ین	8	11
rmeyen	مین	مه‌ین	8	11
rmeyen	ین	ه‌ین	8	11
rmişiz	رمیشیز	رمشز	3	3
rmişiz	میشیز	مشز	3	3
rmişiz	یشیز	شز	3	3
rımdan	لریمدن	لرمدن	10	10
rımdan	ریمدن	رمدن	10	11
rımdan	یمدن	مدن	10	11
rımıza	لرمزه	لریمزه	4	4
rımıza	رمزه	ریمزه	4	6
rımızı	لرمزی	لریمزی	8	9
rınıza	رڭزه	ریڭزه	3	3
sinden	همسندن	ه‌مه‌سندن	4	4
sinden	مسندن	مه‌سندن	9	12
tikten	تیكدن	دكدن	4	4
timize	تیمزه	تمزه	3	3
timize	یمزه	مزه	3	3
timizi	تیمزی	تمزی	5	5
timizi	یمزی	مزی	5	5
tinize	تیڭزه	تڭزه	9	9
tinize	یڭزه	ڭزه	9	9
tinizi	یتیڭزی	یتڭزی	3	3
tinizi	تیڭزی	تڭزی	5	5
tinizi	یڭزی	ڭزی	5	5
tmeyen	تمین	تمه‌ین	6	7
tmeyen	مین	مه‌ین	6	7
tmeyen	ین	ه‌ین	6	7
tturur	یرور	یرر	3	3
tturur	رور	رر	3	3
tturur	ور	ر	3	3
tırsan	رسان	رسه‌ڭ	4	4
tırsan	سان	سه‌ڭ	4	4
tırsan	ان	ه‌ڭ	4	4
tırsın	تدرسین	تدیرسین	3	3
tırsın	درسین	دیرسین	3	3
tığına	دقنه	دیغنه	3	3
tığına	قنه	یغنه	3	3
tığını	قدقنی	قدیغنی	3	3
tığını	دقنی	دیغنی	4	4
tığını	قنی	یغنی	4	4
uracak	دوراجق	دیراجق	4	4
uruyor	یرویور	یرییور	3	3
uyordu	ایوردی	ییوردی	3	3
uğumuz	یغیمز	یغمز	10	10
uğumuz	غیمز	غمز	10	10
uğumuz	یمز	مز	10	10
uğunda	لقنده	لغنده	3	3
uğunda	قنده	غنده	3	3
uğunun	قنڭ	غنڭ	3	4
uğunuz	یغیڭز	یغڭز	5	5
uğunuz	غیڭز	غڭز	5	5
uğunuz	یڭز	ڭز	5	5
yacağı	اجقی	اجغی	3	3
yacağı	جقی	جغی	3	3
yacağı	قی	غی	3	3
yeceği	میهجكی	ه‌میه‌جكی	3	5
yetkâr	یتقار	یتكار	4	6
yetkâr	یتقار	یّتكار	4	6
yetkâr	تقار	تكار	4	6
yetkâr	قار	كار	4	6
yledir	ییلهدر	یله‌در	3	3
yorlar	هیورلر	یورلر	7	7
âdımız	ادمز	ادیمز	3	3
âdımız	دمز	دیمز	3	3
âdının	ادنڭ	ادینڭ	3	3
âdının	دنڭ	دینڭ	3	3
ârlığa	رلقه	رلغه	4	4
ârlığa	لقه	لغه	4	4
ârlığa	قه	غه	4	4
ârlığı	رلقی	رلغی	7	7
ârlığı	لقی	لغی	7	7
ârlığı	قی	غی	7	7
ârının	ارنڭ	ارینڭ	5	5
ârının	رنڭ	رینڭ	5	5
âttaki	اتقی	اتده‌كی	3	4
âttaki	تقی	تده‌كی	3	4
âttaki	قی	ده‌كی	3	4
âtının	اتینڭ	اتنڭ	8	9
âtının	تینڭ	تنڭ	8	9
âtının	ینڭ	نڭ	8	9
âtınız	اتیڭز	اتڭز	5	5
âtınız	تیڭز	تڭز	5	5
âtınız	یڭز	ڭز	5	5
ûdunun	ودنڭ	ودینڭ	3	3
ûdunun	دنڭ	دینڭ	3	3
ûdunun	نڭ	ینڭ	3	3
ûrunun	ورنڭ	ورینڭ	3	3
ûrunun	رنڭ	رینڭ	3	3
ûrunun	نڭ	ینڭ	3	3
ürecek	دورهجك	دیره‌جك	3	3
ürmeye	دورمكه	دیرمكه	3	3
ürmeye	ورمكه	یرمكه	3	4
ğundan	لقندن	لغندن	3	3
ğundan	قندن	غندن	3	5
ğımdan	دقمدن	دیغمدن	3	3
ğımdan	قمدن	یغمدن	3	3
ğımıza	غیمزه	غمزه	3	3
ğımıza	یمزه	مزه	3	3
ğımızı	غیمزی	غمزی	3	3
ğımızı	یمزی	مزی	3	3
ğından	رلقندن	رلغندن	5	5
ğından	لدقندن	لدیغندن	3	3
ğından	دقندن	دیغندن	9	10
ğından	لقندن	لغندن	8	9
ğınıza	غیڭزه	غڭزه	3	3
ğınıza	یڭزه	ڭزه	3	3
ımdaki	یمدهكی	مده‌كی	4	4
ımızda	رمزده	ریمزده	3	4
ımızla	لرمزله	لریمزله	3	3
ımızla	رمزله	ریمزله	3	4
ımızın	رمزڭ	ریمزڭ	3	5
ındaki	رڭدهكی	رنده‌كی	3	3
ındaki	ڭدهكی	نده‌كی	7	7
ızlığa	زلقه	زلغه	5	5
ızlığa	لقه	لغه	5	5
ızlığa	قه	غه	5	5
ızlığı	زلقی	زلغی	8	8
ızlığı	لقی	لغی	8	8
ızlığı	قی	غی	8	8
ığında	لقنده	لغنده	4	4
ığında	قنده	غنده	5	5
ığının	لقنڭ	لغنڭ	3	3
ığının	قنڭ	غنڭ	4	6
ışması	شمسی	شمه‌سی	3	3
ışması	مسی	مه‌سی	3	3
ışması	سی	ه‌سی	3	4
şacağı	اجقی	اجغی	3	3
şacağı	جقی	جغی	3	3
şacağı	قی	غی	3	3
şmeyen	شمین	شمه‌ین	6	6
şmeyen	مین	مه‌ین	6	6
şmeyen	ین	ه‌ین	6	6
ştiniz	شدڭز	شدیڭز	4	4
ştiniz	دڭز	دیڭز	4	4
ştiniz	ڭز	یڭز	4	4
şturur	یرور	یرر	3	3
şturur	رور	رر	3	3
şturur	ور	ر	3	3
acağı	اجقی	اجغی	12	12
acağı	جقی	جغی	12	12
acağı	قی	غی	12	12
adına	دنه	دینه	3	3
adığı	مدقی	مدیغی	7	7
adığı	دقی	دیغی	9	11
adığı	قی	یغی	9	11
aktan	لماقدن	لمقدن	6	6
aktan	ماقدن	مقدن	14	14
aktım	اجاقدم	اجقدم	6	6
aktım	جاقدم	جقدم	6	6
aktır	ماقدر	مقدر	8	8
aları	مالری	مه‌لری	10	10
alığı	هلقی	ه‌لغی	3	3
alığı	لقی	لغی	3	3
alığı	قی	غی	3	3
amadı	امادی	امدی	9	10
amadı	مادی	مدی	9	10
amadı	ادی	دی	9	10
amalı	امالی	املی	10	12
amalı	مالی	ملی	10	12
amalı	الی	لی	10	12
amıza	مامیزه	مه‌مزه	3	3
amıza	امیزه	ه‌مزه	4	5
anıza	مانیزه	مه‌ڭزه	3	3
anıza	انیزه	ه‌ڭزه	4	4
anızı	مانیزی	مه‌ڭزی	4	5
anızı	انیزی	ه‌ڭزی	4	5
arıma	رمه	ریمه	3	3
arına	لرڭه	لرینه	6	6
arına	ارنه	ارینه	6	6
arına	رنه	رینه	11	11
arına	رڭه	رینه	7	7
arına	ڭه	ینه	7	7
arını	لرڭی	لرینی	7	7
arını	ارنی	ارینی	4	5
arını	رڭی	رینی	7	7
arını	رنی	رینی	7	8
arını	ڭی	ینی	7	7
asına	اماسنه	امه‌سنه	6	10
asına	رماسنه	رمه‌سنه	3	3
asına	شماسنه	شمه‌سنه	3	3
asına	ماسنه	مه‌سنه	40	50
asını	لماسنی	لمه‌سنی	12	15
asını	نماسنی	نمه‌سنی	5	6
asını	رماسنی	رمه‌سنی	3	5
asını	ماسنی	مه‌سنی	30	39
asını	رمسنی	رمه‌سنی	3	3
asını	مسنی	مه‌سنی	4	4
ayıcı	لهییجی	لاییجی	4	4
ayıcı	هییجی	اییجی	4	4
azsan	زسان	زسه‌ڭ	10	11
azsan	سان	سه‌ڭ	10	11
azsan	ان	ه‌ڭ	10	11
ağına	اجقنه	اجغنه	5	5
ağına	اغینه	اغنه	3	3
ağına	اقنه	اغنه	5	5
ağına	جقنه	جغنه	5	5
ağına	غینه	غنه	3	3
ağına	قنه	غنه	10	10
ağına	ینه	نه	3	3
ağını	اجقنی	اجغنی	16	16
ağını	اغینی	اغنی	3	3
ağını	جقنی	جغنی	16	16
ağını	اقنی	اغنی	4	4
ağını	غینی	غنی	3	3
ağını	قنی	غنی	20	20
ağını	ینی	نی	3	3
cağım	اجقم	اجغم	27	27
cağım	جقم	جغم	27	27
cağım	قم	غم	27	27
cilik	یلیك	یلك	3	3
cilik	لیك	لك	3	3
cilik	یك	ك	3	3
cının	چنڭ	جنڭ	3	3
decek	ردهجك	ر ایده‌جك	3	5
dimiz	دمز	دیمز	5	7
dimiz	مز	یمز	5	7
dinin	دنڭ	دّینڭ	10	10
dinin	دنڭ	دینڭ	10	10
diniz	ردڭز	ردیڭز	5	6
diniz	دڭز	دیڭز	12	13
dunun	ودنڭ	ودینڭ	3	3
dunun	دنڭ	دینڭ	3	3
dunuz	دڭز	دیڭز	3	3
duran	دوران	دیران	5	5
duran	وران	یران	5	5
durdu	دوردی	دیردی	3	3
durdu	وردی	یردی	3	3
durup	دوروب	دیروب	5	6
durup	وروب	یروب	5	6
durur	دورور	دیرر	5	5
durur	ورور	یرر	5	5
duğum	دقم	دیغم	5	5
duğum	قم	یغم	5	5
duğun	دقڭ	دیغڭ	5	5
duğun	قڭ	یغڭ	5	5
dürdü	دوردی	دیردی	3	3
dürdü	وردی	یردی	3	3
düren	دورن	دیرن	4	4
düren	ورن	یرن	4	4
dürüp	دوروب	دیروب	4	4
dürüp	وروب	یروب	4	4
dürür	ندورور	ندیرر	3	3
dürür	دورور	دیرر	6	6
dürür	ورور	یرر	6	6
dılar	مادیلر	مدیلر	3	3
dımın	ادمڭ	ادیمڭ	4	4
dımın	دمڭ	دیمڭ	5	5
dımız	ادمز	ادیمز	3	3
dımız	دمز	دیمز	3	3
dının	ادنڭ	ادینڭ	3	3
dının	دنڭ	دینڭ	5	5
dının	دنڭ	دّینڭ	5	5
dınız	ادڭز	ادیڭز	3	4
dınız	ردڭز	ردیڭز	3	3
dınız	مدڭز	مدیڭز	3	4
dınız	دڭز	دیڭز	12	14
dıran	ندرن	اندیران	3	5
dığım	ادقم	ادیغم	4	5
dığım	دقم	دیغم	9	11
dığım	قم	یغم	9	11
dığın	مدقڭ	مدیغڭ	3	3
dığın	دقڭ	دیغڭ	6	6
eceği	میهجكی	ه‌میه‌جكی	3	5
eddüd	ددود	دّد	4	4
eddüd	دود	د	4	4
edine	دنه	دینه	3	3
edine	نه	ینه	3	3
edini	دنی	دینی	4	4
edini	نی	ینی	4	4
ediği	لدیكی	له‌دیكی	4	4
ektim	یجكدم	یه‌جكدم	3	4
ektim	جكدم	ه‌جكدم	8	10
eleri	ممهلری	مه‌مه‌لری	8	8
eline	لینه	لنه	4	4
eline	ینه	نه	4	4
emeli	لمملی	لمه‌ملی	4	5
emeli	همهلی	ه‌ملی	3	3
emeli	مملی	مه‌ملی	7	10
emeli	ملی	ه‌ملی	9	12
emesi	لممهسی	لمه‌مسی	6	7
emesi	شممهسی	شمه‌مسی	4	4
emesi	رممهسی	رمه‌مسی	3	4
emesi	ممهسی	مه‌مسی	15	20
emesi	همهسی	ه‌مسی	9	9
emeye	ممهیه	مه‌مكه	3	5
emize	ممیزه	مه‌مزه	4	5
emize	میزه	ه‌مزه	4	5
enizi	رمنیزی	رمه‌ڭزی	3	3
enizi	منیزی	مه‌ڭزی	4	6
erine	لرڭه	لرینه	7	7
erine	رنه	رینه	8	8
erine	رڭه	رینه	7	7
erini	لرڭی	لرینی	13	13
erini	لرنی	لرینی	4	4
erini	رڭی	رینی	14	14
erini	رنی	رینی	14	14
erini	ڭی	ینی	14	14
esine	نمسنه	نمه‌سنه	3	4
esini	نسنی	نه‌سنی	4	4
etini	تڭی	تنی	7	7
etini	ڭی	نی	7	7
etkâr	یتقار	یتكار	4	6
etkâr	یتقار	یّتكار	4	6
ettin	یتتڭ	یتدڭ	3	3
ettin	تتڭ	تدڭ	3	3
ettin	تڭ	دڭ	3	3
ezsem	زسم	زسه‌م	4	4
ezsem	سم	سه‌م	4	4
ezsem	م	ه‌م	4	4
eğine	كینه	كنه	9	9
eğine	ینه	نه	9	9
eğini	كینی	كنی	3	5
eğini	ینی	نی	3	5
hınız	هیڭز	هڭز	3	3
hınız	یڭز	ڭز	3	3
ikten	لدیكدن	لدكدن	4	5
ikten	دیكدن	دكدن	10	13
ikten	تیكدن	دكدن	4	4
imden	لریمدن	لرمدن	8	9
imden	ریمدن	رمدن	8	9
imden	یمدن	مدن	12	20
imize	لرمزه	لریمزه	4	6
imize	تیمزه	تمزه	3	3
imize	رمزه	ریمزه	5	8
imizi	تیمزی	تمزی	5	5
inden	همسندن	ه‌مه‌سندن	4	4
inden	مسندن	مه‌سندن	9	12
inden	لرڭدن	لرندن	9	9
inden	رڭدن	رندن	9	9
inden	ڭدن	ندن	11	11
inize	تیڭزه	تڭزه	9	9
inize	لرڭزه	لریڭزه	4	4
inize	رڭزه	ریڭزه	5	5
inizi	یتیڭزی	یتڭزی	3	3
inizi	تیڭزی	تڭزی	5	5
inizi	رڭزی	ریڭزی	3	3
irine	رنه	رینه	7	7
irini	رنی	رینی	8	9
irsin	درسین	دیرسین	3	5
irâne	قرانه	كّرانه	4	4
irâne	قرانه	كرانه	4	4
iyâne	حیانه	هیانه	3	3
izden	تیڭزدن	تڭزدن	4	4
izini	نی	ینی	3	3
iğime	لیكیمه	لكمه	3	3
iğime	یكیمه	كمه	3	4
iğine	لیكینه	لكنه	3	4
iğine	لكینه	لكنه	5	5
iğine	یكینه	كنه	3	4
iğini	لیكینی	لكنی	4	5
iğini	یكینی	كنی	4	5
işken	میشكن	مشكن	3	4
işken	یشكن	شكن	3	4
iştim	تمیشدم	تمشدم	5	5
iştim	رمیشدم	رمشدم	4	4
iştim	ممیشدم	مه‌مشدم	3	3
iştim	میشدم	مشدم	12	18
iştim	یشدم	شدم	12	18
kalım	الیم	الم	3	3
kalım	لیم	لم	3	3
kalım	یم	م	3	3
klığa	قلقه	قلغه	3	3
klığa	لقه	لغه	3	3
klığa	قه	غه	3	3
kmalı	قمالی	قملی	5	5
kmalı	مالی	ملی	5	5
kmalı	الی	لی	5	5
kması	قمسی	قمه‌سی	4	4
kması	مسی	مه‌سی	4	4
kması	سی	ه‌سی	4	6
kımız	قیمز	قمز	5	5
kımız	یمز	مز	5	5
larca	نلارجه	نلرجه	4	5
larca	لارجه	لرجه	7	9
larca	ارجه	رجه	7	9
lardı	رلاردی	رلردی	4	4
larla	لارله	لرله	5	7
larla	ارله	رله	5	7
larsa	رلارسه	رلرسه	5	5
larsa	لارسه	لرسه	6	7
larsa	ارسه	رسه	6	7
ların	نلارڭ	نلرڭ	3	4
latan	لهتان	لاتان	4	5
latan	هتان	اتان	4	5
layıp	لهیوب	لایوب	15	19
layıp	هیوب	ایوب	15	19
ledir	ییلهدر	یله‌در	3	3
lemek	لمك	له‌مك	11	15
lenen	لهنن	لنن	3	3
lenen	هنن	نن	3	3
lenir	لهنیر	لنیر	3	3
lenir	هنیر	نیر	3	3
lerdi	جكلردی	ه‌جكلردی	5	7
lerim	لریم	لرم	3	5
lerim	ریم	رم	3	5
lerim	یم	م	3	5
letir	لهتیر	لتیر	3	3
letir	هتیر	تیر	3	3
leyen	لین	له‌ین	8	12
leyim	یلییم	یله‌یم	4	4
leyim	لییم	له‌یم	5	5
leyim	ییم	ه‌یم	5	5
leyip	لیوب	له‌یوب	5	6
liğim	لكیم	لكم	6	10
liğim	كیم	كم	6	10
liğim	یم	م	6	10
lmese	لمسه	لمه‌سه	4	4
lmese	مسه	مه‌سه	4	4
lmese	سه	ه‌سه	4	4
luğun	لقڭ	لغڭ	4	4
luğun	قڭ	غڭ	4	4
lıdır	مهلیدر	ملیدر	3	3
lıdır	هلیدر	لیدر	3	3
lıklı	لیقلی	لقلی	3	3
lıklı	یقلی	قلی	3	3
lıyız	الیییز	لی ییز	11	14
lığım	اقلغیم	قلغم	6	6
lığım	رلقم	رلغم	3	3
lığım	لقم	لغم	5	5
lığım	قم	غم	5	5
lığın	ماقلغڭ	مقلغڭ	3	4
lığın	اقلغڭ	قلغڭ	3	4
lığın	نلقڭ	نلغڭ	4	4
lığın	رلقڭ	رلغڭ	3	3
lığın	یلقڭ	یلغڭ	3	3
lığın	لقڭ	لغڭ	16	16
lığın	قڭ	غڭ	17	17
madan	لمهدن	لمادن	5	7
madan	نمهدن	نمدن	5	5
mamız	مامیز	مه‌مز	3	3
mamız	امیز	ه‌مز	3	3
manız	مانیز	مه‌ڭز	5	6
manız	انیز	ه‌ڭز	5	6
manız	ماڭز	مه‌ڭز	3	3
manız	اڭز	ه‌ڭز	3	3
masın	مهسین	ماسین	4	5
masın	هسین	اسین	4	5
masın	مهسڭ	ماسین	3	3
masın	هسڭ	اسین	3	3
mayın	میڭ	مایڭ	3	3
mayın	یڭ	ایڭ	3	3
mdaki	یمدهكی	مده‌كی	4	4
meden	رمهدن	رمدن	10	14
meden	نمهدن	نمدن	3	5
mekle	ممكله	مه‌مكله	3	4
memiş	هممش	ه‌مه‌مش	3	3
mesin	هسڭ	ه‌سین	3	4
mesin	سڭ	سین	3	4
mesin	ڭ	ین	3	4
meyen	لمین	لمه‌ین	10	15
meyen	تمین	تمه‌ین	7	8
meyen	نمین	نمه‌ین	7	8
meyen	شمین	شمه‌ین	6	7
meyen	همین	ه‌مه‌ین	4	4
meyen	مین	مه‌ین	46	67
meyen	ین	ه‌ین	46	67
meyip	همیوب	ه‌مه‌یوب	4	4
meyiz	مییز	مه‌ییز	5	8
meyiz	ییز	ه‌ییز	5	8
minin	مینڭ	منڭ	3	3
minin	ینڭ	نڭ	3	3
mizin	تیمزڭ	تمزڭ	3	3
mişiz	لمیشیز	لمشز	3	3
mişiz	رمیشیز	رمشز	3	3
mişiz	تمیشیز	تمشز	3	4
mişiz	میشیز	مشز	12	16
mişiz	یشیز	شز	12	16
mişse	میشسه	مشسه	3	4
mişse	یشسه	شسه	3	4
muyor	نمایور	نمییور	4	4
mımız	میمز	ممز	3	3
mımız	یمز	مز	3	3
mının	امینڭ	امنڭ	3	3
mının	مینڭ	منڭ	4	4
mının	ینڭ	نڭ	4	4
mızda	رمزده	ریمزده	3	4
mızla	لرمزله	لریمزله	3	3
mızla	رمزله	ریمزله	3	4
mızın	رمزڭ	ریمزڭ	3	5
mışım	میشیم	مشم	5	6
mışım	یشیم	شم	5	6
mışız	لمیشیز	لمشز	3	3
mışız	میشیز	مشز	9	10
mışız	یشیز	شز	9	10
nalım	الیم	الم	4	4
nalım	لیم	لم	4	4
nalım	یم	م	4	4
nayım	اییم	ایم	3	4
nayım	ییم	یم	3	4
nayım	یم	م	3	4
ndaki	رڭدهكی	رنده‌كی	3	3
ndeki	رڭدهكی	رنده‌كی	4	4
ndeki	ڭدهكی	نده‌كی	6	6
nizde	ینیزده	ڭزده	3	4
nizin	تیڭزڭ	تڭزڭ	3	3
nlara	نلاره	نلره	3	4
nlara	لاره	لره	3	4
nlara	اره	ره	3	4
nlığa	نلقه	نلغه	4	4
nlığa	لقه	لغه	4	4
nlığa	قه	غه	4	4
nlığı	نلقی	نلغی	5	5
nlığı	لقی	لغی	5	5
nlığı	قی	غی	5	5
nunun	ونینڭ	وننڭ	3	3
nunun	نینڭ	ننڭ	3	3
nunun	ینڭ	نڭ	3	3
nında	نڭده	ننده	5	6
nında	ڭده	نده	5	6
nının	انینڭ	اننڭ	3	4
nının	نینڭ	ننڭ	3	4
nının	ینڭ	نڭ	3	4
orlar	هیورلر	یورلر	7	7
racak	دوراجق	دیراجق	4	4
ralım	الیم	الم	3	3
ralım	لیم	لم	3	3
ralım	یم	م	3	3
rdini	ردنی	ردینی	4	4
rdini	دنی	دینی	4	4
rdini	نی	ینی	4	4
recek	دورهجك	دیره‌جك	3	3
reder	ردر	ر ایدر	3	5
relim	رلیم	ره‌لم	5	6
relim	لیم	ه‌لم	5	6
reyim	رییم	ره‌یم	5	6
reyim	ییم	ه‌یم	5	6
rimde	لریمده	لرمده	8	8
rimde	ریمده	رمده	10	10
rimde	یمده	مده	10	10
rimin	رمڭ	ریمڭ	5	5
rimiz	لرمز	لریمز	8	11
rimiz	رمز	ریمز	13	18
rinde	رڭده	رنده	3	3
rinde	ڭده	نده	3	3
rinin	لرڭڭ	لرینڭ	4	4
rinin	برنڭ	برینڭ	3	3
rinin	كرنڭ	كرینڭ	3	3
rinin	رنڭ	رینڭ	17	17
rinin	رڭڭ	رینڭ	4	4
rinin	ڭڭ	ینڭ	4	4
rinle	رینله	رڭله	3	3
rinle	ینله	ڭله	3	3
rirdi	یریردی	یرردی	3	3
rlığa	رلقه	رلغه	5	5
rlığa	لقه	لغه	5	5
rlığa	قه	غه	5	5
rlığı	رلقی	رلغی	10	10
rlığı	لقی	لغی	10	10
rlığı	قی	غی	10	10
rmeli	رمهلی	رملی	4	4
rmeli	مهلی	ملی	4	4
rmeli	هلی	لی	4	4
rmese	رمسه	رمه‌سه	4	4
rmese	مسه	مه‌سه	4	4
rmese	سه	ه‌سه	4	4
rmeye	دورمكه	دیرمكه	3	3
runun	ورنڭ	ورینڭ	5	5
runun	رنڭ	رینڭ	5	5
ruyor	یرویور	یرییور	3	3
rünün	رنڭ	رینڭ	3	3
rımda	لریمده	لرمده	4	4
rımda	ریمده	رمده	4	5
rımda	یمده	مده	4	5
rımız	لرمز	لریمز	3	3
rınla	ینله	ڭله	3	3
rının	لرڭڭ	لرینڭ	8	8
rının	ارنڭ	ارینڭ	6	6
rının	رنڭ	رینڭ	10	10
rının	رنڭ	رّینڭ	10	10
rının	رڭڭ	رینڭ	9	9
rının	ڭڭ	ینڭ	9	9
rınız	یرڭز	یریڭز	3	3
rınız	رڭز	ریڭز	6	6
sinde	مسنده	مه‌سنده	5	6
sıyla	لمسیله	لمه‌سیله	4	4
timiz	تیمز	تمز	13	13
timiz	یمز	مز	14	14
tinde	تڭده	تنده	4	4
tinde	ڭده	نده	5	5
tinin	یتینڭ	یّتنڭ	3	3
tinin	یتینڭ	یتنڭ	3	3
tiniz	رتیڭز	رتڭز	4	4
tiniz	تیڭز	تڭز	19	20
tiniz	شدڭز	شدیڭز	4	4
tiniz	تدڭز	تدیڭز	3	3
tiniz	یڭز	ڭز	19	20
tiniz	دڭز	دیڭز	8	9
tinle	متینله	متڭله	3	4
tinle	تینله	تڭله	10	11
tinle	ینله	ڭله	10	11
tması	تمسی	تمه‌سی	4	4
tması	مسی	مه‌سی	4	4
ttaki	اتقی	اتده‌كی	3	4
ttaki	تقی	تده‌كی	3	4
ttaki	قی	ده‌كی	3	4
turur	یرور	یرر	6	6
turur	رور	رر	6	7
turur	ور	ر	6	7
tımız	اتیمز	اتمز	3	3
tımız	تیمز	تمز	5	5
tımız	یمز	مز	6	6
tında	اتڭده	اتنده	3	3
tında	تڭده	تنده	4	4
tında	ڭده	نده	4	4
tının	اتینڭ	اتنڭ	8	9
tınız	دڭز	دیڭز	3	4
tıran	قتیران	قدیران	3	3
tırır	پتیرر	پدیرر	3	3
tığım	قدقم	قدیغم	3	3
tığım	دقم	دیغم	6	6
tığım	قم	یغم	6	6
tığın	دقڭ	دیغڭ	4	4
uktan	دوقدن	دقدن	4	4
ullâh	الاح	اللّه	3	3
ullâh	لاح	للّه	3	3
ullâh	اح	لّه	3	3
undan	لقندن	لغندن	3	3
urmak	دورمق	دیرمق	6	6
uruna	رنه	رینه	3	3
uruna	نه	ینه	3	3
urunu	رنی	رینی	3	3
urunu	نی	ینی	3	3
uğuna	قنه	غنه	3	4
uğunu	یغینی	یغنی	8	8
uğunu	غینی	غنی	8	8
uğunu	دقنی	دیغنی	4	4
uğunu	ینی	نی	8	8
uştum	موشدم	مشدم	5	6
yacak	لهیاجق	لایاجق	9	10
yacak	هیاجق	ایاجق	13	16
yakîn	قلیقین	قّ الیقین	3	3
yakîn	قلیقین	ق الیقین	3	3
yalım	الیم	الم	5	5
yalım	لیم	لم	5	5
yalım	یم	م	5	5
yarak	لهیارق	لایارق	7	10
yarak	هیارق	ایارق	10	15
yecek	لیهجك	له‌یه‌جك	4	4
yelim	میلیم	مه‌یه‌لم	3	4
yelim	یلیم	ه‌یه‌لم	5	8
yerek	لیهرك	له‌یه‌رك	3	4
yeten	ییهتن	یتا	3	5
yiniz	رمییڭز	رمه‌ییڭز	5	5
yiniz	تمییڭز	تمه‌ییڭز	3	3
yiniz	مییڭز	مه‌ییڭز	17	19
yorum	ههیورم	ه‌یورم	5	5
zinin	زنڭ	زینڭ	3	3
zinin	نڭ	ینڭ	3	3
zlığa	زلقه	زلغه	6	6
zlığa	لقه	لغه	6	6
zlığa	قه	غه	6	6
zlığı	زلقی	زلغی	9	9
zlığı	لقی	لغی	9	9
zlığı	قی	غی	9	9
zümüz	وزوموز	وزیمز	3	3
zümüz	زوموز	زیمز	3	3
zümüz	وموز	یمز	3	3
zünün	وزنڭ	وزینڭ	3	3
zünün	زنڭ	زینڭ	3	3
zının	زنڭ	زینڭ	3	3
âdıma	ادمه	ادیمه	4	4
âdıma	دمه	دیمه	4	4
âdına	ادنه	ادینه	13	13
âdına	دنه	دینه	13	13
âdını	ادنی	ادینی	13	13
âdını	دنی	دینی	13	13
ârına	ارنه	ارینه	15	15
ârına	رنه	رینه	15	15
ârını	ارنی	ارینی	14	16
ârını	رنی	رینی	14	16
ârını	نی	ینی	14	16
âtını	اتینی	اتنی	7	7
âtını	تینی	تنی	7	7
âtını	اتڭی	اتنی	3	3
âtını	ینی	نی	7	7
âtını	تڭی	تنی	3	3
âtını	ڭی	نی	4	4
îdine	یدنه	یدینه	5	6
îdine	دنه	دینه	5	6
îdine	نه	ینه	5	6
îdini	یدنی	یدینی	6	6
îdini	دنی	دینی	6	6
îdini	نی	ینی	6	6
îrine	یرنه	یرینه	11	11
îrine	رنه	رینه	11	11
îrini	یرنی	یرینی	6	6
îrini	رنی	رینی	6	6
ûduna	ودنه	ودینه	4	4
ûduna	دنه	دینه	4	4
ûruna	ورنه	ورینه	7	7
ûruna	رنه	رینه	7	7
ûruna	نه	ینه	7	7
ûrunu	ورنی	ورینی	4	4
ûrunu	رنی	رینی	4	4
üdüne	دنه	دینه	3	3
üdüne	نه	ینه	3	3
ükten	دوكدن	دكدن	3	4
ürmek	دورمك	دیرمك	5	5
ürüne	رنه	رینه	3	3
ürüne	نه	ینه	3	4
ğimiz	لیكمز	لكمز	3	3
ğinde	لیكنده	لكنده	6	6
ğinin	یكینڭ	یكنڭ	5	5
ğinin	جكینڭ	جكنڭ	3	3
ğinin	لكینڭ	لكنڭ	3	5
ğinin	كینڭ	كنڭ	15	17
ğinin	ینڭ	نڭ	15	17
ğumuz	یغیمز	یغمز	10	10
ğumuz	غیمز	غمز	10	10
ğumuz	یمز	مز	10	10
ğunda	لقنده	لغنده	3	3
ğunda	قنده	غنده	3	3
ğunun	قنڭ	غنڭ	3	4
ğunuz	یغیڭز	یغڭز	5	5
ğunuz	غیڭز	غڭز	5	5
ğunuz	یڭز	ڭز	5	5
ğında	اقنده	اغنده	6	6
ğında	لقنده	لغنده	4	4
ğında	قنده	غنده	11	11
ğınla	قینله	غڭله	3	3
ğının	لقنڭ	لغنڭ	3	3
ğının	قنڭ	غنڭ	6	8
ıktan	لدیقدن	لدقدن	5	5
ımdan	لریمدن	لرمدن	10	10
ımdan	ریمدن	رمدن	10	11
ımdan	دقمدن	دیغمدن	3	3
ımıza	لرمزه	لریمزه	4	4
ımıza	غیمزه	غمزه	3	3
ımıza	رمزه	ریمزه	4	6
ımızı	لرمزی	لریمزی	8	9
ımızı	غیمزی	غمزی	3	3
ından	رلقندن	رلغندن	5	5
ından	لدقندن	لدیغندن	3	3
ından	دقندن	دیغندن	9	10
ınıza	غیڭزه	غڭزه	3	3
ınıza	رڭزه	ریڭزه	3	3
ırmak	ندرمق	اندیرمق	3	4
ırsan	رسان	رسه‌ڭ	6	6
ırsan	سان	سه‌ڭ	6	6
ırsan	ان	ه‌ڭ	6	6
ırsın	تدرسین	تدیرسین	3	3
ırsın	درسین	دیرسین	5	6
ızdan	لرمزدن	لریمزدن	4	4
ızdan	غیمزدن	غمزدن	3	3
ızdan	رمزدن	ریمزدن	4	4
ığına	لغینه	لغنه	4	4
ığına	غینه	غنه	5	8
ığına	دقنه	دیغنه	5	6
ığına	لقنه	لغنه	4	4
ığına	لغڭه	لغنه	3	3
ığına	ینه	نه	5	8
ığına	غڭه	غنه	3	3
ığına	ڭه	نه	3	3
ığını	قدقنی	قدیغنی	3	3
ığını	دقنی	دیغنی	11	12
ığını	قنی	یغنی	11	13
ıştım	امیشدم	امشدم	7	7
ıştım	میشدم	مشدم	11	11
şelim	شلیم	شه‌لم	3	4
şelim	لیم	ه‌لم	3	4
şinin	شینڭ	شنڭ	3	3
şinin	ینڭ	نڭ	3	3
acak	لهیاجق	لایاجق	9	10
acak	دوراجق	دیراجق	4	4
acak	هیاجق	ایاجق	13	16
adan	لمهدن	لمادن	5	7
adan	نمهدن	نمدن	5	5
akta	اقته	اقده	3	3
akta	قته	قده	3	3
akta	ته	ده	3	3
akîn	قلیقین	ق الیقین	3	3
akîn	قلیقین	قّ الیقین	3	3
alım	الیم	الم	23	23
alım	لیم	لم	23	23
alım	یم	م	23	23
amız	مامیز	مه‌مز	3	3
anız	مانیز	مه‌ڭز	5	6
anız	انیز	ه‌ڭز	7	8
anız	ماڭز	مه‌ڭز	3	3
arak	لهیارق	لایارق	7	10
arak	هیارق	ایارق	10	15
arca	نلارجه	نلرجه	4	5
arca	لارجه	لرجه	7	9
arca	ارجه	رجه	8	11
ardı	رلاردی	رلردی	4	4
arla	لارله	لرله	5	7
arsa	رلارسه	رلرسه	5	5
arsa	لارسه	لرسه	6	7
arın	نلارڭ	نلرڭ	3	4
asın	مهسین	ماسین	4	5
asın	هسین	اسین	9	11
asın	مهسڭ	ماسین	3	3
atan	لهتان	لاتان	4	5
atan	هتان	اتان	9	11
ayım	اییم	ایم	15	24
ayım	ییم	یم	15	25
ayın	میڭ	مایڭ	3	3
ayıp	لهیوب	لایوب	15	19
ayıp	هیوب	ایوب	19	26
ağım	اجقم	اجغم	27	27
ağım	جقم	جغم	27	27
ağım	قم	غم	27	27
ağın	اقڭ	اغڭ	5	5
ağın	قڭ	غڭ	5	5
cağı	اجقی	اجغی	12	12
cağı	جقی	جغی	12	12
cağı	قی	غی	14	14
ceği	میهجكی	ه‌میه‌جكی	3	5
daki	یمدهكی	مده‌كی	4	4
daki	رڭدهكی	رنده‌كی	3	3
ddüd	ددود	دّد	4	5
ddüd	دود	د	4	5
deki	رڭدهكی	رنده‌كی	4	4
deki	ڭدهكی	نده‌كی	6	6
dine	یدنه	یدینه	5	6
dine	یدنه	یّدینه	5	6
dine	دنه	دّینه	14	16
dine	دنه	دینه	14	16
dini	یدنی	یدینی	7	7
dini	ردنی	ردّینی	4	4
dini	ردنی	ردینی	4	4
dkâr	دقار	دكار	3	3
dkâr	قار	كار	3	3
duna	ودنه	ودینه	5	5
duna	دنه	دینه	5	5
dunu	ودنی	ودینی	3	3
dunu	دنی	دینی	3	3
duğu	دقی	دیغی	6	6
duğu	قی	یغی	6	6
düne	دنه	دینه	3	3
düne	نه	ینه	3	3
dıma	ادمه	ادیمه	4	4
dıma	دمه	دیمه	4	4
dına	ادنه	ادینه	16	16
dına	دنه	دّینه	20	20
dına	دنه	دینه	20	20
dını	ادنی	ادینی	13	13
dını	دنی	دّینی	17	17
dını	دنی	دینی	17	17
dığı	مدقی	مدیغی	7	7
dığı	لدقی	لدیغی	3	3
dığı	دقی	دیغی	16	18
dığı	قی	یغی	16	19
ecek	دورهجك	دیره‌جك	3	3
ecek	لیهجك	له‌یه‌جك	4	4
ecek	ردهجك	ر ایده‌جك	3	5
eden	رمهدن	رمدن	10	14
eden	نمهدن	نمدن	3	5
eder	ردر	ر ایدر	3	5
edir	ییلهدر	یله‌در	3	3
ekle	ممكله	مه‌مكله	3	4
ekât	قات	كات	3	3
elim	میلیم	مه‌یه‌لم	3	4
elim	رلیم	ره‌لم	5	7
elim	یلیم	ه‌یه‌لم	5	8
elim	شلیم	شه‌لم	3	4
elim	لیم	ه‌لم	21	34
emek	لمك	له‌مك	11	15
emiş	هممش	ه‌مه‌مش	3	3
enen	لهنن	لنن	3	3
enin	هڭڭ	ه‌نڭ	11	11
enin	ڭڭ	نڭ	11	11
enir	لهنیر	لنیر	3	3
enir	هنیر	نیر	3	3
erdi	جكلردی	ه‌جكلردی	5	7
erek	لیهرك	له‌یه‌رك	3	4
erim	لریم	لرم	3	5
eriz	ریز	رز	18	26
eriz	یز	ز	18	26
esem	سم	ه‌سه‌م	3	4
eten	ییهتن	یتا	3	5
etir	لهتیر	لتیر	3	3
etir	هتیر	تیر	4	5
eyen	لمین	لمه‌ین	10	15
eyen	تمین	تمه‌ین	7	8
eyen	نمین	نمه‌ین	7	8
eyen	شمین	شمه‌ین	6	7
eyen	همین	ه‌مه‌ین	4	4
eyen	مین	مه‌ین	46	67
eyen	لین	له‌ین	8	12
eyim	یلییم	یله‌یم	4	4
eyim	یدییم	یده‌یم	3	3
eyim	لییم	له‌یم	6	6
eyim	رییم	ره‌یم	5	6
eyim	ییم	ه‌یم	24	38
eyip	همیوب	ه‌مه‌یوب	4	4
eyip	لیوب	له‌یوب	6	7
eyiz	مییز	مه‌ییز	5	8
ilik	یلیك	یلك	5	5
ilik	لیك	لك	5	5
ilik	یك	ك	5	5
imde	لریمده	لرمده	8	8
imde	ریمده	رمده	10	10
imin	رمڭ	ریمڭ	5	5
imiz	لیكمز	لكمز	3	3
imiz	تیمز	تمز	13	13
imiz	لرمز	لریمز	8	11
imiz	رمز	ریمز	13	18
imiz	دمز	دیمز	5	7
inde	لیكنده	لكنده	6	6
inde	مسنده	مه‌سنده	5	6
inde	تڭده	تنده	4	4
inde	رڭده	رنده	3	3
inde	ڭده	نده	9	10
inin	یكینڭ	یكنڭ	5	5
inin	یتینڭ	یتنڭ	3	3
inin	یتینڭ	یّتنڭ	3	3
inin	جكینڭ	جكنڭ	3	3
inin	شینڭ	شنڭ	4	5
inin	لرڭڭ	لرینڭ	4	4
inin	مینڭ	منڭ	3	3
inin	برنڭ	برینڭ	3	3
inin	كرنڭ	كرینڭ	3	3
inin	رنڭ	رینڭ	17	17
inin	دنڭ	دینڭ	10	10
inin	دنڭ	دّینڭ	10	10
inin	رڭڭ	رینڭ	4	4
inin	زنڭ	زینڭ	3	3
inin	ڭڭ	ینڭ	4	4
iniz	رمییڭز	رمه‌ییڭز	5	5
iniz	تمییڭز	تمه‌ییڭز	3	3
iniz	مییڭز	مه‌ییڭز	17	19
iniz	رتیڭز	رتڭز	4	4
iniz	تیڭز	تڭز	19	20
iniz	ردڭز	ردیڭز	5	6
iniz	شدڭز	شدیڭز	4	4
iniz	تدڭز	تدیڭز	3	3
iniz	دڭز	دیڭز	20	22
inle	متینله	متڭله	3	4
inle	تینله	تڭله	10	11
inle	رینله	رڭله	3	3
inle	ینله	ڭله	21	25
irdi	یریردی	یرردی	3	3
izde	ینیزده	ڭزده	3	4
izin	تیمزڭ	تمزڭ	3	3
izin	تیڭزڭ	تڭزڭ	3	3
iğim	لكیم	لكم	6	10
iğim	كیم	كم	6	10
iğim	یم	م	6	10
işiz	لمیشیز	لمشز	3	3
işiz	رمیشیز	رمشز	3	3
işiz	تمیشیز	تمشز	3	4
işiz	میشیز	مشز	13	17
işiz	یشیز	شز	13	17
işse	میشسه	مشسه	3	4
ktan	لماقدن	لمقدن	6	6
ktan	لدیقدن	لدقدن	5	5
ktan	ماقدن	مقدن	14	14
ktan	دوقدن	دقدن	4	4
kten	لدیكدن	لدكدن	4	5
kten	دیكدن	دكدن	10	13
kten	تیكدن	دكدن	4	4
kten	دوكدن	دكدن	3	4
ktim	یجكدم	یه‌جكدم	3	4
ktim	جكدم	ه‌جكدم	8	10
ktım	اجاقدم	اجقدم	6	6
ktım	جاقدم	جقدم	6	6
ktır	ماقدر	مقدر	8	8
lara	نلاره	نلره	3	4
ları	لاری	لری	3	3
ları	اری	ری	3	3
lece	یلجه	یله‌جه	3	3
lece	لجه	له‌جه	3	3
lece	جه	ه‌جه	3	3
leri	ممهلری	مه‌مه‌لری	8	8
lese	لسه	له‌سه	3	3
line	لینه	لنه	5	5
line	ینه	نه	5	6
lini	لڭی	لنی	3	3
lini	ڭی	نی	3	3
liğe	لیكه	لكه	3	4
liğe	یكه	كه	3	4
llâh	شالاح	شاء اللّه	3	3
llâh	قلاح	ك اللّه	3	3
lsan	لسان	لسه‌ڭ	3	3
lsan	سان	سه‌ڭ	3	3
lsan	ان	ه‌ڭ	3	3
lsın	لسڭ	لسین	3	4
lsın	سڭ	سین	3	4
lsın	ڭ	ین	3	4
luğa	لقه	لغه	6	6
luğa	قه	غه	6	6
luğu	لقی	لغی	7	7
luğu	قی	غی	7	7
lığa	زلقه	زلغه	6	6
lığa	رلقه	رلغه	5	5
lığa	نلقه	نلغه	4	4
lığa	قلقه	قلغه	3	3
lığa	لیغه	لغه	3	3
lığa	لقه	لغه	24	24
lığa	یغه	غه	3	3
lığa	قه	غه	25	25
lığı	رلقی	رلغی	10	10
lığı	زلقی	زلغی	9	9
lığı	نلقی	نلغی	5	5
lığı	هلقی	ه‌لغی	3	3
lığı	لقی	لغی	35	35
lığı	قی	غی	35	35
madı	امادی	امدی	9	10
madı	مادی	مدی	10	11
madı	ادی	دی	10	11
malı	امالی	املی	10	12
malı	قمالی	قملی	5	5
malı	لمالی	لملی	4	4
malı	مالی	ملی	25	30
malı	مهلی	ملی	3	4
malı	الی	لی	25	30
malı	هلی	لی	3	4
ması	قمسی	قمه‌سی	4	4
mdan	لریمدن	لرمدن	10	10
mdan	ریمدن	رمدن	10	11
mdan	دقمدن	دیغمدن	4	4
mden	لریمدن	لرمدن	8	9
mden	ریمدن	رمدن	8	9
meli	لمملی	لمه‌ملی	4	5
meli	رمهلی	رملی	4	4
meli	همهلی	ه‌ملی	3	3
meli	مملی	مه‌ملی	7	10
meme	ممه	مه‌مه	3	4
mese	رمسه	رمه‌سه	4	4
mese	لمسه	لمه‌سه	4	4
mesi	لممهسی	لمه‌مسی	6	7
mesi	شممهسی	شمه‌مسی	4	4
mesi	رممهسی	رمه‌مسی	3	4
mesi	ممهسی	مه‌مسی	15	20
mesi	همهسی	ه‌مسی	9	9
meye	دورمكه	دیرمكه	3	3
meye	ممهیه	مه‌مكه	3	5
mize	ممیزه	مه‌مزه	4	5
mize	لرمزه	لریمزه	4	6
mize	تیمزه	تمزه	3	3
mize	میزه	ه‌مزه	4	5
mizi	تیمزی	تمزی	5	5
mına	مینه	منه	3	3
mına	ینه	نه	3	3
mıza	مامیزه	مه‌مزه	3	3
mıza	لرمزه	لریمزه	4	4
mıza	امیزه	ه‌مزه	4	5
mıza	غیمزه	غمزه	3	3
mıza	رمزه	ریمزه	4	6
mızı	لرمزی	لریمزی	8	9
mızı	غیمزی	غمزی	3	3
ndan	لدقندن	لدیغندن	5	5
ndan	رلقندن	رلغندن	5	5
ndan	قلقندن	قلغندن	3	3
ndan	دقندن	دیغندن	11	12
nden	همسندن	ه‌مه‌سندن	4	4
nden	لرڭدن	لرندن	9	9
nden	مسندن	مه‌سندن	9	12
nden	رڭدن	رندن	9	9
nize	تیڭزه	تڭزه	9	9
nize	لرڭزه	لریڭزه	4	4
nize	رڭزه	ریڭزه	5	5
nizi	یتیڭزی	یتڭزی	3	3
nizi	رمنیزی	رمه‌ڭزی	3	3
nizi	تیڭزی	تڭزی	5	5
nizi	منیزی	مه‌ڭزی	4	6
nizi	رڭزی	ریڭزی	3	3
nsan	نسان	نسه‌ڭ	3	3
nsan	سان	سه‌ڭ	3	3
nsan	ان	ه‌ڭ	3	3
nâhî	ناحی	ناهی	3	3
nâhî	احی	اهی	3	3
nâhî	حی	هی	3	3
nıza	مانیزه	مه‌ڭزه	3	3
nıza	انیزه	ه‌ڭزه	4	4
nıza	غیڭزه	غڭزه	3	3
nıza	رڭزه	ریڭزه	3	3
nızı	مانیزی	مه‌ڭزی	4	5
nızı	انیزی	ه‌ڭزی	4	5
orum	ههیورم	ه‌یورم	5	5
rimi	رمی	ریمی	3	3
rine	یرنه	یرینه	14	15
rine	لرڭه	لرینه	7	7
rine	كرنه	كرینه	4	4
rine	برنه	برینه	3	3
rine	شرنه	شرینه	3	3
rine	رنه	رینه	37	38
rine	رڭه	رینه	8	8
rini	لرڭی	لرینی	13	13
rini	یرنی	یرینی	7	7
rini	كرنی	كرینی	4	4
rini	لرنی	لرینی	4	4
rini	مرنی	مرینی	3	3
rini	برنی	برینی	3	3
rini	برنی	بّرینی	3	3
rini	هرنی	هرینی	3	3
rini	رنی	رینی	39	40
rini	رنی	رّینی	39	40
rini	رڭی	رینی	14	14
rini	ڭی	ینی	14	14
rlar	هیورلر	یورلر	7	7
rmak	دورمق	دیرمق	6	6
rmak	ندرمق	اندیرمق	3	4
rmek	دورمك	دیرمك	5	5
rsak	رساق	رسه‌ق	4	4
rsak	ساق	سه‌ق	4	4
rsak	اق	ه‌ق	4	4
rsan	رسان	رسه‌ڭ	13	18
rsan	سان	سه‌ڭ	13	18
rsem	رسم	رسه‌م	3	3
rsem	سم	سه‌م	3	3
rsın	تدرسین	تدیرسین	3	3
rsın	درسین	دیرسین	5	6
runa	ورنه	ورینه	10	10
runa	ورنه	وّرینه	10	10
runa	رنه	رینه	12	12
runu	ورنی	ورینی	9	9
runu	رنی	رینی	10	10
râne	قرانه	كرانه	4	4
râne	قرانه	كّرانه	4	4
rüne	رنه	رینه	6	6
rüne	نه	ینه	6	7
rünü	رنی	رینی	6	7
rünü	نی	ینی	6	7
rıma	ارمه	اریمه	3	3
rıma	رمه	ریمه	5	5
rımı	ارمی	اریمی	3	3
rımı	رمی	ریمی	5	5
rına	ارنه	ارینه	22	22
rına	لرڭه	لرینه	6	6
rına	رنه	رّینه	32	32
rına	رنه	رینه	32	32
rına	رڭه	رینه	8	8
rına	ڭه	ینه	8	8
rını	ارنی	ارینی	19	23
rını	لرڭی	لرینی	7	7
rını	رنی	رینی	27	31
rını	رنی	رّینی	27	31
rını	رڭی	رینی	7	7
rını	ڭی	ینی	7	7
sine	نمسنه	نمه‌سنه	3	4
sâil	سال	سائل	3	3
sâil	ال	ائل	3	3
sâil	ل	ئل	3	3
sâli	سالی	ثالی	3	3
sına	اماسنه	امه‌سنه	6	10
sına	رماسنه	رمه‌سنه	3	3
sına	شماسنه	شمه‌سنه	3	3
sını	نماسنی	نمه‌سنی	5	6
sını	رماسنی	رمه‌سنی	3	5
sını	رمسنی	رمه‌سنی	3	3
sını	مسنی	مه‌سنی	4	4
taki	اتقی	اتده‌كی	3	4
taki	تقی	تده‌كی	3	5
taki	قی	ده‌كی	3	5
tine	ینه	نه	11	18
tini	تڭی	تنی	9	9
tini	ڭی	نی	9	9
tkâr	یتقار	یتكار	4	6
tkâr	یتقار	یّتكار	4	6
tsan	تسان	تسه‌ڭ	3	3
tsan	سان	سه‌ڭ	3	3
tsan	ان	ه‌ڭ	3	3
ttin	یتتڭ	یتدڭ	5	5
ttin	تتڭ	تدڭ	5	5
ttin	تڭ	دڭ	5	5
tına	تینه	تنه	3	4
tına	تڭه	تنه	3	3
tına	ینه	نه	3	4
tına	ڭه	نه	3	3
tını	اتینی	اتنی	7	7
tını	تینی	تنی	7	8
tını	اتڭی	اتنی	3	3
tını	ینی	نی	7	8
tını	تڭی	تنی	3	3
tını	ڭی	نی	4	4
tığı	دقی	دیغی	6	6
tığı	قی	یغی	6	6
ukta	قته	قده	4	4
ukta	ته	ده	4	4
umuz	یغیمز	یغمز	10	10
umuz	غیمز	غمز	10	10
unda	لقنده	لغنده	3	3
unda	ڭده	نده	4	4
unun	ونینڭ	وننڭ	3	3
unun	ورنڭ	ورینڭ	5	5
unun	ودنڭ	ودینڭ	3	3
unun	نینڭ	ننڭ	3	3
unun	رنڭ	رینڭ	5	5
unun	دنڭ	دینڭ	3	3
unuz	یغیڭز	یغڭز	5	5
unuz	غیڭز	غڭز	5	5
unuz	دڭز	دیڭز	4	4
uran	دوران	دیران	5	5
urdu	دوردی	دیردی	3	3
urlu	رلو	رلی	3	3
urlu	لو	لی	3	3
urlu	و	ی	3	3
urup	دوروب	دیروب	5	6
urur	دورور	دیرر	5	5
urur	یرور	یرر	6	6
uyor	نمایور	نمییور	4	4
uyor	یرویور	یرییور	3	3
uyum	ویوم	ی یم	3	4
uğum	دقم	دیغم	6	6
uğum	قم	یغم	6	6
uğun	دقڭ	دیغڭ	5	5
uğun	لقڭ	لغڭ	4	4
yâne	حیانه	هیانه	3	3
yıcı	لهییجی	لاییجی	4	4
yıcı	هییجی	اییجی	4	4
zdan	غیمزدن	غمزدن	4	4
zdan	لرمزدن	لریمزدن	4	4
zdan	رمزدن	ریمزدن	4	4
zden	تیڭزدن	تڭزدن	4	4
zine	زنه	زینه	5	5
zini	زنی	زینی	4	4
zsan	زسان	زسه‌ڭ	10	11
zsan	سان	سه‌ڭ	10	11
zsan	ان	ه‌ڭ	10	11
zsem	زسم	زسه‌م	4	4
zsem	سم	سه‌م	4	4
zsem	م	ه‌م	4	4
züme	وزمه	وزیمه	3	3
züme	زمه	زیمه	3	3
züme	مه	یمه	3	3
züne	وزنه	وزینه	5	5
züne	زنه	زینه	5	5
züne	نه	ینه	5	6
zünü	وزنی	وزینی	5	5
zünü	زنی	زینی	5	5
zünü	نی	ینی	5	7
zına	ازنه	ازینه	4	4
zına	زنه	زینه	6	6
zını	ازنی	ازینی	5	5
zını	زنی	زینی	6	6
âben	ابن	ابا	3	4
âben	بن	با	3	4
âben	ن	ا	3	4
âhet	احت	اهت	4	4
âhet	حت	هت	4	4
âkta	اقته	اقده	3	4
âkta	قته	قده	3	4
âkta	ته	ده	3	4
âkâr	اقار	اكار	4	5
âkâr	قار	كار	4	5
âlin	الین	الڭ	3	5
âlin	لین	لڭ	3	5
âlin	ین	ڭ	3	5
ânen	انن	انا	3	4
ânen	نن	نا	3	4
ânen	ن	ا	3	4
âsen	اسهڭ	اسا	3	3
âsen	سهڭ	سا	3	3
âsen	هڭ	ا	3	3
âtta	اتته	اتده	3	5
âtta	تته	تده	3	5
âtta	ته	ده	3	5
îyim	یییم	ی یم	6	6
îyim	ییم	یم	6	6
îyim	یم	م	6	6
ûrlu	رلو	رلی	3	3
ûrlu	لو	لی	3	3
ûrlu	و	ی	3	3
ümlü	ملو	ملی	3	3
ümlü	لو	لی	3	3
ümlü	و	ی	3	3
ümüz	وزوموز	وزیمز	3	4
ümüz	زوموز	زیمز	3	4
ünün	وزنڭ	وزینڭ	3	3
ünün	زنڭ	زینڭ	3	3
ünün	رنڭ	رینڭ	3	3
ünüz	ونوز	یڭز	4	5
ürdü	دوردی	دیردی	3	3
üren	دورن	دیرن	4	4
ürüp	دوروب	دیروب	4	4
ürür	ندورور	ندیرر	3	3
ürür	دورور	دیرر	6	6
ğime	لیكیمه	لكمه	3	3
ğime	یكیمه	كمه	3	4
ğine	لیكینه	لكنه	3	4
ğine	لكینه	لكنه	7	7
ğine	یكینه	كنه	3	4
ğine	كینه	كنه	14	18
ğine	ینه	نه	14	18
ğini	لیكینی	لكنی	4	5
ğini	یكینی	كنی	4	5
ğuna	قنه	غنه	3	4
ğunu	یغینی	یغنی	8	8
ğunu	غینی	غنی	9	9
ğunu	دقنی	دیغنی	4	4
ğunu	ینی	نی	9	9
ğına	اجقنه	اجغنه	5	5
ğına	لغینه	لغنه	4	4
ğına	اغینه	اغنه	3	3
ğına	غینه	غنه	8	11
ğına	دقنه	دیغنه	5	6
ğına	جقنه	جغنه	5	5
ğına	اقنه	اغنه	5	5
ğına	لقنه	لغنه	4	4
ğına	لغڭه	لغنه	3	3
ğına	قنه	غنه	15	21
ğına	ینه	نه	8	11
ğına	غڭه	غنه	3	3
ğına	ڭه	نه	3	3
ğını	اجقنی	اجغنی	16	16
ğını	اغینی	اغنی	3	3
ğını	قدقنی	قدیغنی	3	3
ğını	جقنی	جغنی	16	16
ğını	دقنی	دیغنی	11	12
ğını	اقنی	اغنی	4	4
ğını	قنی	غنی	21	33
ıdır	مهلیدر	ملیدر	3	3
ıdır	هلیدر	لیدر	3	3
ıklı	لیقلی	لقلی	3	3
ılar	مادیلر	مدیلر	3	3
ımda	لریمده	لرمده	4	4
ımda	ریمده	رمده	4	5
ımın	ادمڭ	ادیمڭ	4	4
ımın	دمڭ	دیمڭ	5	5
ımız	اتیمز	اتمز	3	3
ımız	تیمز	تمز	5	5
ımız	قیمز	قمز	5	5
ımız	ادمز	ادیمز	3	3
ımız	میمز	ممز	3	3
ımız	لرمز	لریمز	3	3
ımız	دمز	دیمز	3	3
ında	لقنده	لغنده	4	4
ında	اتڭده	اتنده	3	3
ında	نڭده	ننده	5	6
ında	تڭده	تنده	4	4
ında	ڭده	نده	16	17
ınla	قینله	غڭله	3	4
ının	اتینڭ	اتنڭ	8	9
ının	انینڭ	اننڭ	3	4
ının	امینڭ	امنڭ	3	3
ının	لرڭڭ	لرینڭ	8	8
ının	ارنڭ	ارینڭ	6	6
ının	مینڭ	منڭ	4	4
ının	ادنڭ	ادینڭ	3	3
ının	نینڭ	ننڭ	3	4
ının	رنڭ	رّینڭ	10	10
ının	رنڭ	رینڭ	10	10
ının	رڭڭ	رینڭ	9	9
ının	دنڭ	دّینڭ	5	5
ının	دنڭ	دینڭ	5	5
ının	زنڭ	زینڭ	3	3
ının	چنڭ	جنڭ	3	3
ının	ڭڭ	ینڭ	9	10
ınız	یرڭز	یریڭز	3	3
ınız	ادڭز	ادیڭز	3	4
ınız	ردڭز	ردیڭز	3	3
ınız	مدڭز	مدیڭز	3	4
ınız	هیڭز	هڭز	3	3
ınız	دڭز	دیڭز	15	18
ınız	رڭز	ریڭز	6	6
ıran	قتیران	قدیران	3	3
ıran	ندرن	اندیران	3	5
ırır	پتیرر	پدیرر	3	3
ıyla	لمسیله	لمه‌سیله	4	4
ıyız	الیییز	لی ییز	11	14
ızda	رمزده	ریمزده	3	4
ızla	لرمزله	لریمزله	3	3
ızla	رمزله	ریمزله	3	4
ızın	رمزڭ	ریمزڭ	3	5
ığım	اقلغیم	قلغم	6	6
ığım	ادقم	ادیغم	4	5
ığım	رلقم	رلغم	3	3
ığım	قدقم	قدیغم	3	3
ığım	دقم	دیغم	15	17
ığım	لقم	لغم	5	5
ığın	ماقلغڭ	مقلغڭ	3	4
ığın	اقلغڭ	قلغڭ	3	4
ığın	نلقڭ	نلغڭ	4	4
ığın	مدقڭ	مدیغڭ	3	3
ığın	یلقڭ	یلغڭ	3	3
ığın	رلقڭ	رلغڭ	3	3
ığın	لقڭ	لغڭ	16	16
ığın	دقڭ	دیغڭ	10	10
ışım	میشیم	مشم	5	6
ışım	یشیم	شم	5	6
ışız	لمیشیز	لمشز	3	3
ışız	میشیز	مشز	9	10
ışız	یشیز	شز	9	10
şken	لمیشكن	لمشكن	3	4
şken	میشكن	مشكن	5	7
şken	یشكن	شكن	5	7
ştim	تمیشدم	تمشدم	5	5
ştim	رمیشدم	رمشدم	4	4
ştim	ممیشدم	مه‌مشدم	3	3
ştim	میشدم	مشدم	12	18
ştim	یشدم	شدم	12	18
ştum	موشدم	مشدم	5	6
ştım	امیشدم	امشدم	7	7
ştım	میشدم	مشدم	11	11
adı	امادی	امدی	9	10
adı	مادی	مدی	10	11
aki	یمدهكی	مده‌كی	4	4
aki	رڭدهكی	رنده‌كی	3	3
aki	اتقی	اتده‌كی	3	4
aki	تقی	تده‌كی	3	5
alı	امالی	املی	10	12
alı	قمالی	قملی	5	5
alı	لمالی	لملی	4	4
alı	مالی	ملی	25	30
alı	مهلی	ملی	3	4
ara	نلاره	نلره	3	4
arı	لاری	لری	3	3
ası	قمسی	قمه‌سی	4	4
ağa	اقه	اغه	8	8
ağa	قه	غه	8	8
ağı	اجقی	اجغی	12	12
ağı	جاقی	جاغی	3	3
ağı	جقی	جغی	12	12
ağı	اقی	اغی	10	10
ağı	قی	غی	22	22
ben	ابن	ابا	3	5
cak	لهیاجق	لایاجق	9	10
cak	دوراجق	دیراجق	4	4
cak	هیاجق	ایاجق	13	16
cek	دورهجك	دیره‌جك	3	3
cek	لیهجك	له‌یه‌جك	4	4
cek	ردهجك	ر ایده‌جك	3	5
dan	لریمدن	لرمدن	10	10
dan	لدقندن	لدیغندن	5	5
dan	رلقندن	رلغندن	5	5
dan	لرمزدن	لریمزدن	4	4
dan	غیمزدن	غمزدن	4	4
dan	قلقندن	قلغندن	3	3
dan	دقندن	دیغندن	11	12
dan	ریمدن	رمدن	10	11
dan	لمهدن	لمادن	5	7
dan	نمهدن	نمدن	5	5
dan	دقمدن	دیغمدن	4	4
dan	رمزدن	ریمزدن	4	4
den	لریمدن	لرمدن	8	9
den	همسندن	ه‌مه‌سندن	4	4
den	تیڭزدن	تڭزدن	4	4
den	رمهدن	رمدن	10	14
den	لرڭدن	لرندن	9	9
den	مسندن	مه‌سندن	9	12
den	ریمدن	رمدن	8	9
den	نمهدن	نمدن	3	5
den	رڭدن	رندن	9	9
dir	ییلهدر	یله‌در	3	3
dâî	دای	دائی	3	4
dâî	ای	ائی	3	4
dâî	ی	ئی	3	4
düd	ددود	دّد	4	5
düd	دود	د	4	5
dır	مهلیدر	ملیدر	3	3
dır	هلیدر	لیدر	3	3
ece	یلجه	یله‌جه	3	3
ece	لجه	له‌جه	3	3
eki	رڭدهكی	رنده‌كی	4	4
eki	ڭدهكی	نده‌كی	6	6
eli	لمملی	لمه‌ملی	4	5
eli	رمهلی	رملی	4	4
eli	همهلی	ه‌ملی	3	3
eli	مملی	مه‌ملی	7	10
eri	ممهلری	مه‌مه‌لری	8	8
ese	لمسه	لمه‌سه	4	4
ese	رمسه	رمه‌سه	4	4
ese	لسه	له‌سه	3	3
esi	لممهسی	لمه‌مسی	6	7
esi	شممهسی	شمه‌مسی	4	4
esi	رممهسی	رمه‌مسی	3	4
esi	ممهسی	مه‌مسی	15	20
esi	همهسی	ه‌مسی	9	9
eye	دورمكه	دیرمكه	3	3
eye	ممهیه	مه‌مكه	3	5
eği	میهجكی	ه‌میه‌جكی	3	5
fîk	فیك	فیق	4	4
fîk	یك	یق	4	4
fîk	ك	ق	4	4
gün	كڭ	كون	4	4
gün	ڭ	ون	4	4
gın	غڭ	غین	3	3
gın	ڭ	ین	3	3
het	احت	اهت	4	4
het	حت	هت	5	5
hâr	زحار	ظهار	3	4
hâr	نحار	نهار	3	4
hât	بحات	بهات	3	3
hûd	حود	هود	3	5
ihâ	حا	ها	3	3
ime	لیكیمه	لكمه	3	3
ime	یكیمه	كمه	3	4
imi	رمی	ریمی	3	3
ine	لیكینه	لكنه	3	4
ine	لكینه	لكنه	7	7
ine	نمسنه	نمه‌سنه	3	4
ine	یكینه	كنه	3	4
ine	یرنه	یرینه	14	15
ine	لرڭه	لرینه	7	7
ine	یدنه	یّدینه	5	6
ine	لینه	لنه	5	5
ine	یدنه	یدینه	5	6
ine	كرنه	كرینه	4	4
ine	شرنه	شرینه	3	3
ine	برنه	برینه	3	3
ine	رنه	رینه	37	38
ine	دنه	دینه	14	16
ine	دنه	دّینه	14	16
ine	رڭه	رینه	8	8
ine	زنه	زینه	5	5
ini	لیكینی	لكنی	4	5
ini	یكینی	كنی	4	5
ini	لرڭی	لرینی	13	13
ini	یرنی	یرینی	7	7
ini	یدنی	یدینی	7	7
ini	كرنی	كرینی	4	4
ini	ردنی	ردّینی	4	4
ini	لرنی	لرینی	4	4
ini	ردنی	ردینی	4	4
ini	برنی	بّرینی	3	3
ini	هرنی	هرینی	3	3
ini	مرنی	مرینی	3	3
ini	برنی	برینی	3	3
ini	رنی	رّینی	39	40
ini	رنی	رینی	39	40
ini	رڭی	رینی	14	14
ini	تڭی	تنی	9	9
ini	زنی	زینی	5	5
ini	لڭی	لنی	3	3
ize	تیڭزه	تڭزه	9	9
ize	ممیزه	مه‌مزه	4	5
ize	لرڭزه	لریڭزه	4	4
ize	لرمزه	لریمزه	4	6
ize	تیمزه	تمزه	3	3
ize	رڭزه	ریڭزه	5	5
ize	میزه	ه‌مزه	4	5
izi	رمنیزی	رمه‌ڭزی	3	3
izi	یتیڭزی	یتڭزی	3	3
izi	تیمزی	تمزی	5	5
izi	تیڭزی	تڭزی	5	5
izi	منیزی	مه‌ڭزی	4	6
izi	رڭزی	ریڭزی	3	3
iğe	لیكه	لكه	3	4
ken	لمیشكن	لمشكن	3	4
ken	میشكن	مشكن	5	7
ken	یشكن	شكن	5	7
ket	قت	كت	3	4
kle	ممكله	مه‌مكله	3	4
klı	لیقلی	لقلی	3	3
kma	قمه	قما	4	5
kma	مه	ما	4	5
kma	ه	ا	4	5
kta	اقته	اقده	6	7
kta	قته	قده	11	18
kta	ته	ده	11	18
kâl	قال	كال	3	3
kân	قان	كّان	5	5
kân	قان	كان	5	5
kâr	یتقار	یتكار	4	6
kâr	یتقار	یّتكار	4	6
kâr	اقار	اكار	4	5
kâr	دقار	دكار	3	4
kçe	كچه	كجه	4	5
kçe	چه	جه	4	5
kîn	قلیقین	قّ الیقین	3	3
kîn	قلیقین	ق الیقین	3	3
kûn	قون	كون	3	4
lar	هیورلر	یورلر	7	7
lar	مادیلر	مدیلر	3	3
lim	میلیم	مه‌یه‌لم	3	4
lim	رلیم	ره‌لم	5	7
lim	شلیم	شه‌لم	3	4
lin	الین	الڭ	3	5
lâh	شالاح	شاء اللّه	3	3
lâh	قلاح	ك اللّه	3	3
lım	الیم	الم	24	24
lım	لیم	لم	24	24
lım	یم	م	24	24
mak	دورمق	دیرمق	6	6
mak	ندرمق	اندیرمق	3	4
mda	لریمده	لرمده	4	4
mda	ریمده	رمده	4	5
mde	لریمده	لرمده	8	8
mde	ریمده	رمده	10	10
mek	دورمك	دیرمك	5	5
men	یسمن	سما	3	3
miz	لیكمز	لكمز	3	3
miz	تیمز	تمز	13	13
miz	لرمز	لریمز	8	11
miz	رمز	ریمز	13	20
miz	دمز	دیمز	5	7
miş	هممش	ه‌مه‌مش	3	3
mlu	ملو	ملی	4	4
mlu	لو	لی	4	4
mlu	و	ی	4	4
mlü	ملو	ملی	3	3
mlü	لو	لی	3	3
mlü	و	ی	3	3
muz	یغیمز	یغمز	10	10
muz	غیمز	غمز	10	10
müz	وزوموز	وزیمز	3	4
müz	زوموز	زیمز	3	4
mın	ادمڭ	ادیمڭ	4	4
mız	مامیز	مه‌مز	3	3
mız	اتیمز	اتمز	3	3
mız	قیمز	قمز	5	5
mız	تیمز	تمز	5	5
mız	ادمز	ادیمز	3	3
mız	لرمز	لریمز	3	3
mız	میمز	ممز	3	3
mız	دمز	دیمز	3	3
nda	لقنده	لغنده	7	7
nda	اتڭده	اتنده	3	3
nda	نڭده	ننده	6	7
nda	تڭده	تنده	4	4
nde	لیكنده	لكنده	6	6
nde	مسنده	مه‌سنده	5	6
nde	تڭده	تنده	4	4
nde	رڭده	رنده	3	3
nen	لهنن	لنن	3	3
nen	انن	انا	3	5
nin	یكینڭ	یكنڭ	5	5
nin	یتینڭ	یتنڭ	3	3
nin	یتینڭ	یّتنڭ	3	3
nin	جكینڭ	جكنڭ	3	3
nin	شینڭ	شنڭ	4	5
nin	لرڭڭ	لرینڭ	4	4
nin	برنڭ	برینڭ	3	3
nin	كرنڭ	كرینڭ	3	3
nin	رنڭ	رینڭ	17	17
nin	هڭڭ	ه‌نڭ	11	11
nin	رڭڭ	رینڭ	4	4
nin	ڭڭ	نڭ	11	16
nir	لهنیر	لنیر	3	3
nir	هنیر	نیر	3	3
niz	رمییڭز	رمه‌ییڭز	5	5
niz	تمییڭز	تمه‌ییڭز	3	3
niz	مییڭز	مه‌ییڭز	17	19
niz	رتیڭز	رتڭز	4	4
niz	تیڭز	تڭز	19	20
niz	ردڭز	ردیڭز	5	6
niz	شدڭز	شدیڭز	4	4
niz	تدڭز	تدیڭز	3	3
niz	دڭز	دیڭز	20	22
nla	قینله	غڭله	3	4
nle	متینله	متڭله	3	4
nle	تینله	تڭله	10	11
nle	رینله	رڭله	3	3
nun	ونینڭ	وننڭ	3	3
nun	ورنڭ	ورینڭ	5	5
nun	ودنڭ	ودینڭ	3	3
nun	نینڭ	ننڭ	3	3
nun	رنڭ	رینڭ	5	5
nun	دنڭ	دینڭ	3	3
nuz	یغیڭز	یغڭز	5	5
nuz	غیڭز	غڭز	5	5
nuz	دڭز	دیڭز	4	4
nâk	ناق	ناك	3	3
nâk	اق	اك	3	3
nâk	ق	ك	3	3
nün	وزنڭ	وزینڭ	3	3
nün	رنڭ	رینڭ	3	3
nün	زنڭ	زینڭ	3	3
nüz	ونوز	یڭز	4	5
nın	اتینڭ	اتنڭ	8	9
nın	امینڭ	امنڭ	3	3
nın	انینڭ	اننڭ	3	4
nın	لرڭڭ	لرینڭ	8	8
nın	ارنڭ	ارینڭ	6	6
nın	مینڭ	منڭ	4	4
nın	ادنڭ	ادینڭ	3	3
nın	نینڭ	ننڭ	3	4
nın	رنڭ	رّینڭ	10	10
nın	رنڭ	رینڭ	10	10
nın	رڭڭ	رینڭ	9	9
nın	دنڭ	دینڭ	5	5
nın	دنڭ	دّینڭ	5	5
nın	زنڭ	زینڭ	3	3
nın	چنڭ	جنڭ	3	3
nın	اڭڭ	انڭ	3	3
nın	ڭڭ	ینڭ	9	13
nız	مانیز	مه‌ڭز	5	6
nız	انیز	ه‌ڭز	7	8
nız	ماڭز	مه‌ڭز	3	3
nız	هیڭز	هڭز	3	3
nız	مدڭز	مدیڭز	3	4
nız	یرڭز	یریڭز	3	3
nız	ادڭز	ادیڭز	3	4
nız	ردڭز	ردیڭز	3	3
nız	دڭز	دیڭز	15	18
nız	رڭز	ریڭز	6	6
rak	لهیارق	لایارق	7	10
rak	هیارق	ایارق	10	15
ran	قتیران	قدیران	3	3
ran	دوران	دیران	5	5
ran	ندرن	اندیران	3	5
rca	نلارجه	نلرجه	4	5
rca	لارجه	لرجه	7	9
rca	ارجه	رجه	8	13
rdi	جكلردی	ه‌جكلردی	5	7
rdi	یریردی	یرردی	3	3
rdu	دوردی	دیردی	3	3
rdü	دوردی	دیردی	3	4
rdı	رلاردی	رلردی	4	4
rek	لیهرك	له‌یه‌رك	3	4
ren	دورن	دیرن	4	4
rim	لریم	لرم	3	5
riz	ریز	رز	18	28
riz	یز	ز	18	28
rla	لارله	لرله	5	7
rlu	رلو	رلی	9	9
rlu	لو	لی	9	9
rlu	و	ی	9	9
rsa	رلارسه	رلرسه	5	5
rsa	لارسه	لرسه	6	7
rum	ههیورم	ه‌یورم	5	5
rup	دوروب	دیروب	5	6
rur	دورور	دیرر	5	5
rur	یرور	یرر	6	6
rüp	دوروب	دیروب	4	4
rür	ندورور	ندیرر	3	3
rür	دورور	دیرر	6	6
rım	اریم	ارم	5	8
rın	نلارڭ	نلرڭ	3	4
rır	پتیرر	پدیرر	3	3
sak	رساق	رسه‌ق	4	4
sak	ساق	سه‌ق	6	7
sak	اق	ه‌ق	6	8
sam	سام	سه‌م	5	6
sam	ام	ه‌م	5	6
san	رسان	رسه‌ڭ	13	18
san	زسان	زسه‌ڭ	10	11
san	لسان	لسه‌ڭ	5	5
san	تسان	تسه‌ڭ	4	4
san	نسان	نسه‌ڭ	3	4
san	سان	سه‌ڭ	42	56
san	ان	ه‌ڭ	42	60
sem	رسم	رسه‌م	4	4
sem	زسم	زسه‌م	4	4
sen	اسهڭ	اسا	3	4
suz	سوز	سز	4	5
suz	وز	ز	4	5
sâl	مسال	مثال	3	3
sûs	حسوس	خصوص	3	3
sıl	اسل	اصل	4	5
sıl	سل	صل	4	5
sın	تدرسین	تدیرسین	3	3
sın	درسین	دیرسین	5	6
sın	مهسین	ماسین	4	5
sın	هسین	اسین	9	11
sın	مهسڭ	ماسین	3	3
sın	لسڭ	لسین	3	4
tan	لماقدن	لمقدن	6	6
tan	لدیقدن	لدقدن	5	5
tan	ماقدن	مقدن	14	14
tan	لهتان	لاتان	4	5
tan	دوقدن	دقدن	4	4
tan	هتان	اتان	9	11
ten	لدیكدن	لدكدن	4	5
ten	دیكدن	دكدن	10	13
ten	تیكدن	دكدن	4	4
ten	دوكدن	دكدن	3	4
ten	ییهتن	یتا	3	5
tim	تمیشدم	تمشدم	5	5
tim	رمیشدم	رمشدم	4	4
tim	ممیشدم	مه‌مشدم	3	3
tim	میشدم	مشدم	12	18
tim	یجكدم	یه‌جكدم	3	4
tim	یشدم	شدم	12	18
tim	جكدم	ه‌جكدم	8	10
tin	یتتڭ	یتدڭ	6	6
tin	تتڭ	تدڭ	6	6
tir	لهتیر	لتیر	3	3
tir	هتیر	تیر	4	5
tta	اتته	اتده	3	5
tum	موشدم	مشدم	5	6
tım	امیشدم	امشدم	7	7
tım	اجاقدم	اجقدم	6	6
tım	میشدم	مشدم	11	11
tım	جاقدم	جقدم	6	6
tır	ماقدر	مقدر	8	8
ulu	لو	لی	3	3
ulu	و	ی	3	3
una	ورنه	وّرینه	10	10
una	ورنه	ورینه	10	10
una	ودنه	ودینه	5	5
una	رنه	رینه	12	12
una	دنه	دینه	5	5
unu	یغینی	یغنی	8	8
unu	وجونی	وجنی	3	4
unu	ورنی	ورینی	9	9
unu	غینی	غنی	9	9
unu	دقنی	دیغنی	4	4
unu	ودنی	ودینی	3	3
unu	رنی	رینی	10	10
unu	دنی	دینی	3	3
uğa	لقه	لغه	6	6
uğa	قه	غه	9	9
uğu	لقی	لغی	7	7
uğu	دقی	دیغی	6	6
uğu	وقی	وغی	4	4
uğu	قی	غی	11	17
yen	لمین	لمه‌ین	10	15
yen	تمین	تمه‌ین	7	8
yen	نمین	نمه‌ین	7	8
yen	شمین	شمه‌ین	6	7
yen	همین	ه‌مه‌ین	4	4
yen	مین	مه‌ین	46	67
yen	لین	له‌ین	8	12
yim	یلییم	یله‌یم	4	4
yim	یدییم	یده‌یم	3	3
yim	لییم	له‌یم	6	6
yim	رییم	ره‌یم	5	6
yip	همیوب	ه‌مه‌یوب	4	4
yip	لیوب	له‌یوب	6	7
yiz	مییز	مه‌ییز	5	8
yla	لمسیله	لمه‌سیله	4	4
yor	یرویور	یرییور	4	4
yum	ویوم	ی یم	3	4
yım	اییم	ایم	16	25
yın	میڭ	مایڭ	3	3
yıp	لهیوب	لایوب	15	19
yıp	هیوب	ایوب	19	26
yız	الیییز	لی ییز	11	14
zda	رمزده	ریمزده	3	4
zde	ینیزده	ڭزده	3	4
zin	تیمزڭ	تمزڭ	3	3
zin	تیڭزڭ	تڭزڭ	3	3
zla	لرمزله	لریمزله	3	3
zla	رمزله	ریمزله	3	4
zlü	زلو	زلی	4	4
zlü	لو	لی	4	4
zlü	و	ی	4	4
zîf	زیف	ظیف	3	3
zım	ازیم	ازم	3	3
zım	زیم	زم	3	5
zım	یم	م	3	5
zın	رمزڭ	ریمزڭ	3	5
âat	ات	اعت	5	8
âat	ت	عت	5	8
âhî	ناحی	ناهی	3	3
âhî	احی	اهی	4	5
âhî	حی	هی	4	5
âil	سال	سائل	3	3
âil	ال	ائل	5	6
âil	ل	ئل	5	6
âir	ار	ائر	3	4
âir	ر	ئر	3	4
âli	سالی	ثالی	3	3
âne	قرانه	كّرانه	4	4
âne	قرانه	كرانه	4	4
âne	حیانه	هیانه	3	3
âne	هنه	انه	3	3
üme	وزمه	وزیمه	3	3
üme	زمه	زیمه	3	3
üne	وزنه	وزینه	5	5
üne	رنه	رینه	6	6
üne	زنه	زینه	5	5
üne	دنه	دینه	3	3
ünü	وزنی	وزینی	6	6
ünü	زنی	زینی	6	6
ünü	رنی	رینی	6	7
ğim	لكیم	لكم	7	11
ğim	كیم	كم	7	11
ğim	یم	م	7	11
ğum	دقم	دیغم	6	6
ğum	قم	یغم	6	6
ğun	دقڭ	دیغڭ	5	5
ğun	لقڭ	لغڭ	4	4
ğım	اقلغیم	قلغم	6	6
ğım	اجقم	اجغم	27	27
ğım	ادقم	ادیغم	4	5
ğım	قدقم	قدیغم	3	3
ğım	رلقم	رلغم	3	3
ğım	جقم	جغم	27	27
ğım	دقم	دیغم	15	17
ğım	لقم	لغم	5	5
ğım	قم	غم	32	50
ğın	ماقلغڭ	مقلغڭ	3	4
ğın	اقلغڭ	قلغڭ	3	4
ğın	نلقڭ	نلغڭ	4	4
ğın	یلقڭ	یلغڭ	3	3
ğın	رلقڭ	رلغڭ	3	3
ğın	مدقڭ	مدیغڭ	3	3
ğın	لقڭ	لغڭ	16	16
ğın	دقڭ	دیغڭ	10	10
ğın	اقڭ	اغڭ	5	5
ıcı	لهییجی	لاییجی	4	4
ıcı	هییجی	اییجی	4	4
ıma	ادمه	ادیمه	4	4
ıma	ارمه	اریمه	3	3
ıma	رمه	ریمه	5	5
ıma	دمه	دیمه	4	4
ımı	ارمی	اریمی	3	3
ımı	رمی	ریمی	5	5
ına	اماسنه	امه‌سنه	6	10
ına	شماسنه	شمه‌سنه	3	3
ına	رماسنه	رمه‌سنه	3	3
ına	اجقنه	اجغنه	5	5
ına	لغینه	لغنه	4	4
ına	اغینه	اغنه	3	3
ına	ارنه	ارینه	22	22
ına	ادنه	ادینه	16	17
ına	لرڭه	لرینه	6	6
ına	جقنه	جغنه	5	5
ına	ازنه	ازینه	4	4
ına	مینه	منه	3	3
ına	تینه	تنه	3	4
ına	لغڭه	لغنه	3	3
ına	رنه	رّینه	32	32
ına	رنه	رینه	32	32
ına	دنه	دینه	20	21
ına	دنه	دّینه	20	21
ına	رڭه	رینه	8	8
ına	زنه	زینه	7	7
ına	تڭه	تنه	3	3
ına	غڭه	غنه	3	3
ını	نماسنی	نمه‌سنی	5	6
ını	رماسنی	رمه‌سنی	3	5
ını	اجقنی	اجغنی	16	16
ını	اتینی	اتنی	7	7
ını	رمسنی	رمه‌سنی	3	3
ını	قدقنی	قدیغنی	3	3
ını	اغینی	اغنی	3	3
ını	ارنی	ارینی	19	23
ını	جقنی	جغنی	16	16
ını	ادنی	ادینی	13	14
ını	لرڭی	لرینی	7	7
ını	تینی	تنی	7	8
ını	ازنی	ازینی	5	5
ını	مسنی	مه‌سنی	4	4
ını	اتڭی	اتنی	3	3
ını	رنی	رینی	27	31
ını	رنی	رّینی	27	31
ını	دنی	دّینی	17	18
ını	دنی	دینی	17	18
ını	زنی	زینی	7	7
ını	رڭی	رینی	7	7
ını	تڭی	تنی	3	3
ıza	مانیزه	مه‌ڭزه	3	3
ıza	مامیزه	مه‌مزه	3	3
ıza	لرمزه	لریمزه	4	4
ıza	انیزه	ه‌ڭزه	4	4
ıza	امیزه	ه‌مزه	4	5
ıza	غیمزه	غمزه	3	3
ıza	غیڭزه	غڭزه	3	3
ıza	رمزه	ریمزه	4	6
ıza	رڭزه	ریڭزه	3	3
ızı	مانیزی	مه‌ڭزی	4	5
ızı	لرمزی	لریمزی	8	9
ızı	انیزی	ه‌ڭزی	4	5
ızı	غیمزی	غمزی	3	3
ığa	زلقه	زلغه	6	6
ığa	رلقه	رلغه	5	5
ığa	نلقه	نلغه	4	4
ığa	قلقه	قلغه	3	3
ığa	لیغه	لغه	3	3
ığa	لقه	لغه	24	24
ığa	یقه	یغه	4	4
ığa	یغه	غه	3	3
ığı	رلقی	رلغی	10	10
ığı	زلقی	زلغی	9	9
ığı	مدقی	مدیغی	7	7
ığı	نلقی	نلغی	5	5
ığı	هلقی	ه‌لغی	3	3
ığı	لدقی	لدیغی	3	3
ığı	لقی	لغی	35	35
ığı	دقی	دیغی	22	24
şiz	تمیشیز	تمشز	3	4
şiz	لمیشیز	لمشز	3	3
şiz	رمیشیز	رمشز	3	3
şiz	میشیز	مشز	13	17
şiz	یشیز	شز	13	17
şse	میشسه	مشسه	3	4
şte	شته	شده	3	4
şte	ته	ده	3	4
şım	میشیم	مشم	5	6
şım	یشیم	شم	5	6
şız	لمیشیز	لمشز	3	3
şız	میشیز	مشز	9	10
şız	یشیز	شز	9	10
aa	هه	عه	5	7
ak	لهیاجق	لایاجق	9	10
ak	لهیارق	لایارق	7	10
ak	دوراجق	دیراجق	4	4
ak	هیاجق	ایاجق	13	16
ak	هیارق	ایارق	10	15
ak	دورمق	دیرمق	6	6
ak	ندرمق	اندیرمق	3	4
ak	رساق	رسه‌ق	4	4
ak	ساق	سه‌ق	6	7
am	سام	سه‌م	5	6
an	لریمدن	لرمدن	10	10
an	لدیقدن	لدقدن	6	6
an	لماقدن	لمقدن	6	6
an	رلقندن	رلغندن	5	5
an	لدقندن	لدیغندن	5	5
an	لرمزدن	لریمزدن	4	4
an	غیمزدن	غمزدن	4	4
an	قتیران	قدیران	3	3
an	قلقندن	قلغندن	3	3
an	ماقدن	مقدن	14	14
an	دقندن	دیغندن	11	12
an	ریمدن	رمدن	10	11
an	دوران	دیران	5	5
an	لمهدن	لمادن	5	7
an	نمهدن	نمدن	5	5
an	دقمدن	دیغمدن	4	4
an	رمزدن	ریمزدن	4	4
an	لهتان	لاتان	4	5
an	دوقدن	دقدن	4	4
an	رسان	رسه‌ڭ	13	18
an	زسان	زسه‌ڭ	10	11
an	هتان	اتان	9	11
an	لسان	لسه‌ڭ	5	5
an	تسان	تسه‌ڭ	4	4
an	ندرن	اندیران	3	5
an	نسان	نسه‌ڭ	3	4
an	سان	سه‌ڭ	42	56
ar	هیورلر	یورلر	7	7
ar	مادیلر	مدیلر	3	3
ca	نلارجه	نلرجه	4	5
ca	لارجه	لرجه	7	9
ca	ارجه	رجه	8	13
cı	لهییجی	لاییجی	4	4
cı	هییجی	اییجی	4	4
da	لریمده	لرمده	4	4
da	لقنده	لغنده	7	7
da	ریمده	رمده	4	5
da	اتڭده	اتنده	3	3
da	رمزده	ریمزده	3	4
da	نڭده	ننده	6	7
da	تڭده	تنده	4	4
de	لریمده	لرمده	8	8
de	لیكنده	لكنده	6	6
de	ینیزده	ڭزده	3	4
de	ریمده	رمده	10	10
de	مسنده	مه‌سنده	5	6
de	یفاده	فاده	3	3
de	تڭده	تنده	4	4
de	رڭده	رنده	3	3
di	جكلردی	ه‌جكلردی	5	7
di	یریردی	یرردی	3	3
du	دوردی	دیردی	3	3
dâ	حدا	هدا	3	4
dü	دوردی	دیردی	3	4
dı	رلاردی	رلردی	4	4
ek	دورهجك	دیره‌جك	3	3
ek	دورمك	دیرمك	5	5
ek	لیهجك	له‌یه‌جك	4	4
ek	لیهرك	له‌یه‌رك	3	4
ek	ردهجك	ر ایده‌جك	3	5
em	رسم	رسه‌م	4	4
em	زسم	زسه‌م	4	4
en	لریمدن	لرمدن	8	9
en	لدیكدن	لدكدن	5	6
en	همسندن	ه‌مه‌سندن	4	4
en	تیڭزدن	تڭزدن	4	4
en	لمیشكن	لمشكن	3	4
en	دیكدن	دكدن	11	14
en	رمهدن	رمدن	10	14
en	لرڭدن	لرندن	9	9
en	مسندن	مه‌سندن	9	12
en	ریمدن	رمدن	8	9
en	میشكن	مشكن	5	7
en	تیكدن	دكدن	4	4
en	نمهدن	نمدن	3	5
en	دوكدن	دكدن	3	4
en	ییهتن	یتا	3	5
en	لمین	لمه‌ین	10	15
en	رڭدن	رندن	9	9
en	تمین	تمه‌ین	7	8
en	نمین	نمه‌ین	7	8
en	شمین	شمه‌ین	6	7
en	یشكن	شكن	5	7
en	همین	ه‌مه‌ین	4	4
en	دورن	دیرن	4	4
en	لهنن	لنن	3	3
en	اسهڭ	اسا	3	4
en	یسمن	سما	3	3
en	مین	مه‌ین	46	67
en	لین	له‌ین	8	12
en	ابن	ابا	3	5
en	انن	انا	3	5
et	احت	اهت	4	4
et	حت	هت	5	5
et	قت	كت	3	4
fâ	حفا	خفا	3	3
hâ	تحا	تها	3	3
hî	ناحی	ناهی	3	3
hî	احی	اهی	6	8
id	اد	ائد	3	5
ii	یی	عی	3	4
il	سال	سائل	4	4
il	هیل	هل	3	4
il	ال	ائل	10	12
im	تمیشدم	تمشدم	5	5
im	رمیشدم	رمشدم	4	4
im	ممیشدم	مه‌مشدم	3	3
im	میشدم	مشدم	12	18
im	یلییم	یله‌یم	4	4
im	یدییم	یده‌یم	3	3
im	میلیم	مه‌یه‌لم	3	4
im	یجكدم	یه‌جكدم	3	4
im	یشدم	شدم	12	18
im	جكدم	ه‌جكدم	8	10
im	لكیم	لكم	7	11
im	لییم	له‌یم	6	6
im	رلیم	ره‌لم	5	7
im	رییم	ره‌یم	5	6
im	شلیم	شه‌لم	3	4
im	لریم	لرم	3	5
in	یكینڭ	یكنڭ	5	5
in	تیمزڭ	تمزڭ	3	3
in	یتینڭ	یتنڭ	3	3
in	تیڭزڭ	تڭزڭ	3	3
in	یتینڭ	یّتنڭ	3	3
in	جكینڭ	جكنڭ	3	3
in	یتتڭ	یتدڭ	6	6
in	الین	ألڭ	4	6
in	شینڭ	شنڭ	4	5
in	لرڭڭ	لرینڭ	4	4
in	الین	الڭ	4	6
in	برنڭ	برینڭ	3	3
in	یدین	یدڭ	3	4
in	كرنڭ	كرینڭ	3	3
in	رنڭ	رینڭ	17	17
in	هڭڭ	ه‌نڭ	11	11
in	تتڭ	تدڭ	6	6
in	رڭڭ	رینڭ	4	4
in	دین	دڭ	3	4
in	ڭڭ	نڭ	11	16
ip	همیوب	ه‌مه‌یوب	4	4
ip	لیوب	له‌یوب	6	7
ir	ییلهدر	یله‌در	3	3
ir	لهنیر	لنیر	3	3
ir	لهتیر	لتیر	3	3
ir	هتیر	تیر	4	5
ir	هنیر	نیر	3	3
ir	ار	ائر	5	7
iz	رمییڭز	رمه‌ییڭز	5	5
iz	لمیشیز	لمشز	3	3
iz	رمیشیز	رمشز	3	3
iz	تمییڭز	تمه‌ییڭز	3	3
iz	تمیشیز	تمشز	3	4
iz	مییڭز	مه‌ییڭز	17	19
iz	میشیز	مشز	13	17
iz	رتیڭز	رتڭز	4	4
iz	لیكمز	لكمز	3	3
iz	تیڭز	تڭز	19	20
iz	یشیز	شز	13	17
iz	تیمز	تمز	13	13
iz	لرمز	لریمز	8	11
iz	ردڭز	ردیڭز	5	6
iz	مییز	مه‌ییز	5	8
iz	شدڭز	شدیڭز	4	4
iz	تدڭز	تدیڭز	3	3
iz	دڭز	دیڭز	20	22
iz	ریز	رز	18	30
iz	رمز	ریمز	13	20
iz	دمز	دیمز	5	7
iş	هممش	ه‌مه‌مش	3	3
i‘	ی	ع	4	6
ki	رڭدهكی	رنده‌كی	7	7
ki	یمدهكی	مده‌كی	6	7
ki	اتقی	اتده‌كی	3	4
la	لمسیله	لمه‌سیله	4	4
la	لرمزله	لریمزله	3	3
la	لارله	لرله	5	7
la	قینله	غڭله	3	4
la	رمزله	ریمزله	3	4
le	متینله	متڭله	3	4
le	تینله	تڭله	10	11
le	ممكله	مه‌مكله	3	4
le	رینله	رڭله	3	3
li	رمهلی	رملی	4	4
li	لمملی	لمه‌ملی	4	5
li	همهلی	ه‌ملی	3	3
li	مملی	مه‌ملی	7	10
li	سالی	ثالی	3	3
lu	رلو	رلی	9	9
lu	ملو	ملی	4	4
lu	ولو	ولی	3	4
lu	لو	لی	31	33
lu	و	ی	31	33
lü	زلو	زلی	4	4
lü	ملو	ملی	3	3
lı	امالی	املی	10	12
lı	قمالی	قملی	5	5
lı	لمالی	لملی	4	4
lı	لیقلی	لقلی	3	3
lı	مالی	ملی	25	32
lı	مهلی	ملی	3	4
ma	ادمه	ادیمه	4	4
me	لیكیمه	لكمه	3	3
me	یكیمه	كمه	3	5
mı	ارمی	اریمی	3	3
mı	رمی	ریمی	5	5
na	اماسنه	امه‌سنه	6	10
na	شماسنه	شمه‌سنه	3	3
na	رماسنه	رمه‌سنه	3	3
na	لغینه	لغنه	5	5
na	اجقنه	اجغنه	5	5
na	اغینه	اغنه	3	3
na	ارنه	ارینه	22	22
na	ادنه	ادینه	16	17
na	ورنه	وّرینه	10	10
na	ورنه	ورینه	10	10
na	لرڭه	لرینه	6	6
na	جقنه	جغنه	6	6
na	ودنه	ودینه	5	5
na	ازنه	ازینه	4	4
na	مینه	منه	3	3
na	لغڭه	لغنه	3	3
na	تینه	تنه	3	4
na	صرنه	صرینه	3	3
na	رنه	رّینه	44	44
na	رنه	رینه	44	44
na	دنه	دّینه	25	27
na	دنه	دینه	25	27
na	رڭه	رینه	9	9
na	زنه	زینه	9	9
na	غڭه	غنه	3	3
na	تڭه	تنه	3	3
ne	لیكینه	لكنه	3	4
ne	لكینه	لكنه	7	7
ne	قرانه	كّرانه	4	4
ne	قرانه	كرانه	4	4
ne	حیانه	هیانه	3	3
ne	نمسنه	نمه‌سنه	3	4
ne	یكینه	كنه	3	4
ne	لرڭه	لرینه	7	7
ne	وزنه	وزینه	5	5
ne	كرنه	كرینه	5	5
ne	مرنه	مرینه	3	3
ne	برنه	برینه	3	3
ne	شرنه	شرینه	3	3
ne	هرنه	هرینه	3	3
ne	رڭه	رینه	9	9
ni	لیكینی	لكنی	4	5
ni	یكینی	كنی	4	5
ni	لرڭی	لرینی	13	13
ni	ردنی	ردّینی	4	4
ni	لرنی	لرینی	4	4
ni	ردنی	ردینی	4	4
ni	كرنی	كرینی	4	4
ni	مرنی	مرینی	3	3
ni	برنی	برینی	3	3
ni	هرنی	هرینی	3	3
ni	برنی	بّرینی	3	3
ni	رڭی	رینی	14	14
ni	تڭی	تنی	9	9
ni	لڭی	لنی	3	3
nu	یغینی	یغنی	8	8
nu	وجونی	وجنی	3	4
nu	ورنی	ورینی	9	9
nu	غینی	غنی	9	9
nu	دقنی	دیغنی	4	4
nu	ودنی	ودینی	3	3
nu	رنی	رینی	10	10
nu	دنی	دینی	3	3
nü	وزنی	وزینی	6	6
nü	رنی	رینی	6	7
nı	نماسنی	نمه‌سنی	5	6
nı	رماسنی	رمه‌سنی	3	5
nı	اجقنی	اجغنی	16	16
nı	اتینی	اتنی	7	7
nı	قدقنی	قدیغنی	3	3
nı	رمسنی	رمه‌سنی	3	3
nı	اغینی	اغنی	3	3
nı	ارنی	ارینی	19	23
nı	جقنی	جغنی	16	16
nı	ادنی	ادینی	13	14
nı	لرڭی	لرینی	7	7
nı	تینی	تنی	7	8
nı	ازنی	ازینی	5	5
nı	مسنی	مه‌سنی	4	4
nı	اتڭی	اتنی	3	3
nı	رنی	رینی	27	31
nı	رنی	رّینی	27	31
nı	دنی	دّینی	17	19
nı	دنی	دینی	17	19
nı	رڭی	رینی	7	7
nı	زنی	زینی	7	8
nı	تڭی	تنی	3	3
or	یرویور	یرییور	4	4
ra	نلاره	نلره	3	4
ri	ممهلری	مه‌مه‌لری	8	8
rk	ارق	رق	3	5
rı	لاری	لری	3	3
sa	رلارسه	رلرسه	5	5
sa	لارسه	لرسه	6	7
se	میشسه	مشسه	3	4
se	لمسه	لمه‌سه	4	4
se	رمسه	رمه‌سه	4	4
si	لممهسی	لمه‌مسی	6	7
si	شممهسی	شمه‌مسی	4	4
si	رممهسی	رمه‌مسی	3	4
si	ممهسی	مه‌مسی	15	20
si	همهسی	ه‌مسی	9	9
sı	قمسی	قمه‌سی	4	4
ta	اتته	اتده	3	5
um	ههیورم	ه‌یورم	5	5
um	موشدم	مشدم	5	6
um	ویوم	ی یم	3	4
um	دقم	دیغم	6	6
un	ونینڭ	وننڭ	3	3
un	ورنڭ	ورینڭ	5	5
un	ودنڭ	ودینڭ	3	3
un	نینڭ	ننڭ	3	3
un	دقڭ	دیغڭ	5	5
un	رنڭ	رینڭ	5	5
un	لقڭ	لغڭ	4	4
un	دنڭ	دینڭ	3	3
up	دوروب	دیروب	5	6
ur	دورور	دیرر	5	5
ur	یرور	یرر	6	6
ur	دور	در	3	3
uz	یغیمز	یغمز	10	10
uz	یغیڭز	یغڭز	5	5
uz	غیمز	غمز	10	10
uz	غیڭز	غڭز	5	5
uz	دڭز	دیڭز	4	4
uz	سوز	سز	4	5
ye	دورمكه	دیرمكه	3	3
ye	ممهیه	مه‌مكه	3	5
za	مانیزه	مه‌ڭزه	3	3
za	مامیزه	مه‌مزه	3	3
za	انیزه	ه‌ڭزه	4	4
za	امیزه	ه‌مزه	4	5
za	لرمزه	لریمزه	4	4
za	غیڭزه	غڭزه	3	3
za	غیمزه	غمزه	3	3
za	رمزه	ریمزه	4	6
za	رڭزه	ریڭزه	4	4
ze	تیڭزه	تڭزه	9	9
ze	ممیزه	مه‌مزه	4	5
ze	لرڭزه	لریڭزه	4	4
ze	لرمزه	لریمزه	4	6
ze	تیمزه	تمزه	3	3
ze	رڭزه	ریڭزه	5	5
ze	میزه	ه‌مزه	4	5
zi	یتیڭزی	یتڭزی	3	3
zi	رمنیزی	رمه‌ڭزی	3	3
zi	تیڭزی	تڭزی	5	5
zi	تیمزی	تمزی	5	5
zi	منیزی	مه‌ڭزی	4	6
zi	رڭزی	ریڭزی	3	3
zı	مانیزی	مه‌ڭزی	4	5
zı	لرمزی	لریمزی	8	9
zı	انیزی	ه‌ڭزی	4	5
zı	غیمزی	غمزی	3	3
âh	شالاح	شاء اللّه	3	3
âh	قلاح	ك اللّه	3	3
âk	ناق	ناك	3	3
âl	مسال	مثال	3	3
âl	قال	كال	3	3
ân	قان	كان	5	5
ân	قان	كّان	5	5
âr	یتقار	یتكار	4	6
âr	یتقار	یّتكار	4	6
âr	اقار	اكار	4	5
âr	زحار	ظهار	3	4
âr	دقار	دكار	3	4
âr	نحار	نهار	3	4
ât	بحات	بهات	3	3
âç	اچ	اج	3	4
âç	چ	ج	3	4
âî	دای	دائی	3	4
çe	كچه	كجه	4	5
îf	زیف	ظیف	3	3
îk	فیك	فیق	4	4
îl	سیل	صیل	3	4
în	قلیقین	قّ الیقین	3	3
în	قلیقین	ق الیقین	3	3
ûd	حود	هود	3	5
ûn	قون	كون	3	4
ûs	حسوس	خصوص	3	3
üd	ددود	دّد	4	5
üd	دود	د	4	5
ün	وزنڭ	وزینڭ	3	3
ün	رنڭ	رینڭ	3	3
ün	زنڭ	زینڭ	3	3
üp	دوروب	دیروب	4	4
ür	ندورور	ندیرر	3	3
ür	دورور	دیرر	6	6
üz	وزوموز	وزیمز	3	4
üz	زوموز	زیمز	3	4
üz	ونوز	یڭز	4	5
ğa	زلقه	زلغه	7	7
ğa	نلقه	نلغه	6	6
ğa	رلقه	رلغه	5	5
ğa	قلقه	قلغه	4	4
ğa	لیغه	لغه	3	3
ğa	لقه	لغه	30	30
ğa	اقه	اغه	8	8
ğa	یقه	یغه	4	4
ğa	یغه	غه	3	3
ğa	قه	غه	45	47
ğe	لیكه	لكه	3	4
ği	میهجكی	ه‌میه‌جكی	3	5
ğu	لقی	لغی	7	7
ğu	دقی	دیغی	6	6
ğu	وقی	وغی	4	4
ğu	قی	غی	11	17
ğı	اجقی	اجغی	12	12
ğı	رلقی	رلغی	10	10
ğı	زلقی	زلغی	9	9
ğı	مدقی	مدیغی	7	7
ğı	نلقی	نلغی	5	5
ğı	لدقی	لدیغی	3	3
ğı	جاقی	جاغی	3	3
ğı	هلقی	ه‌لغی	3	3
ğı	لقی	لغی	35	35
ğı	دقی	دیغی	22	24
ğı	جقی	جغی	12	12
ğı	اقی	اغی	10	10
ğı	قی	غی	57	84
ıl	اسل	اصل	4	5
ıl	سل	صل	4	5
ım	امیشدم	امشدم	7	7
ım	اقلغیم	قلغم	6	6
ım	اجاقدم	اجقدم	6	6
ım	میشدم	مشدم	11	11
ım	جاقدم	جقدم	6	6
ım	میشیم	مشم	5	6
ım	اجقم	اجغم	27	27
ım	الیم	الم	24	24
ım	اییم	ایم	16	25
ım	یشیم	شم	5	6
ım	اریم	ارم	5	8
ım	ادقم	ادیغم	4	5
ım	رلقم	رلغم	3	3
ım	ازیم	ازم	3	3
ım	قدقم	قدیغم	3	3
ım	جقم	جغم	27	27
ım	لیم	لم	24	24
ım	دقم	دیغم	15	17
ım	زیم	زم	3	5
ım	تیم	تم	3	5
ın	تدرسین	تدیرسین	3	3
ın	ماقلغڭ	مقلغڭ	3	4
ın	اتینڭ	اتنڭ	8	9
ın	درسین	دیرسین	5	6
ın	مهسین	ماسین	4	5
ın	امینڭ	امنڭ	3	3
ın	نلارڭ	نلرڭ	3	4
ın	انینڭ	اننڭ	3	4
ın	اقلغڭ	قلغڭ	3	4
ın	هسین	اسین	9	11
ın	لرڭڭ	لرینڭ	8	8
ın	ارنڭ	ارینڭ	6	6
ın	مینڭ	منڭ	4	4
ın	ادمڭ	ادیمڭ	4	4
ın	نلقڭ	نلغڭ	4	4
ın	یلقڭ	یلغڭ	3	3
ın	رمزڭ	ریمزڭ	3	5
ın	ادنڭ	ادینڭ	3	3
ın	نینڭ	ننڭ	3	4
ın	رلقڭ	رلغڭ	3	3
ın	مهسڭ	ماسین	3	3
ın	مدقڭ	مدیغڭ	3	3
ın	رنڭ	رینڭ	10	10
ın	دقڭ	دیغڭ	10	11
ın	رنڭ	رّینڭ	10	10
ın	رڭڭ	رینڭ	9	9
ın	دنڭ	دینڭ	5	5
ın	دنڭ	دّینڭ	5	5
ın	چنڭ	جنڭ	3	3
ın	لسڭ	لسین	3	4
ın	اڭڭ	انڭ	3	3
ın	زنڭ	زینڭ	3	3
ın	میڭ	مایڭ	3	3
ın	ڭڭ	ینڭ	9	13
ıp	لهیوب	لایوب	15	19
ıp	هیوب	ایوب	19	26
ır	مهلیدر	ملیدر	3	3
ır	ماقدر	مقدر	8	8
ır	پتیرر	پدیرر	3	3
ır	هلیدر	لیدر	3	3
ız	الیییز	لی ییز	11	14
ız	لمیشیز	لمشز	3	3
ız	میشیز	مشز	9	10
ız	مانیز	مه‌ڭز	5	6
ız	اتیمز	اتمز	3	3
ız	مامیز	مه‌مز	3	3
ız	یشیز	شز	9	10
ız	انیز	ه‌ڭز	7	8
ız	تیمز	تمز	5	5
ız	قیمز	قمز	5	5
ız	ردڭز	ردیڭز	3	3
ız	ماڭز	مه‌ڭز	3	3
ız	یرڭز	یریڭز	3	3
ız	ادڭز	ادیڭز	3	4
ız	مدڭز	مدیڭز	3	4
ız	هیڭز	هڭز	3	3
ız	میمز	ممز	3	3
ız	ادمز	ادیمز	3	3
ız	لرمز	لریمز	3	3
ız	دڭز	دیڭز	15	18
ız	رڭز	ریڭز	6	6
ız	دمز	دیمز	3	3
