# Hayrat'ta iki doğru yazımı olan kelimeler (eserden esere/dönemden döneme; Zahir onayı 10 Ekim 2026). Ölçümde hepsi doğru sayılır;
# çevirici her kelimede tek yazım (en sık olan) kullanır. Kaynak: tools/cift_yazim.py. Biçim: kelime<TAB>yazımlar (boşlukla)
etmesi	ایتمسی ایتمەسی
neş’et	نشئت نشأت
menşei	منشئی منشأی
menşe’leri	منشألری منشئلری
mebdei	مبدأی مبدئی
cüz’îdir	جزئیدر جزؤیدر
cüz’ünü	جزئنی جزؤینی
çeşit	چشید چشیت
hemen	همن همان
dolu	طولو طولی
dolusu	طولوسی طولیسی
doludur	طولودر طولیدر
türlü	تورلی دورلی
kezâlik	كذالك كذلك
kapı	قاپو قاپی
takvâ	تقوا تقوی
a‘lâ	اعلا اعلی
hüdâ	هُدا هُدی
salât	صلات صلاة
yaratan	یارادان یاراتان
yaratıp	یارادوب یاراتوب
bilmiyorum	بیلمییورم بیلمەیورم
söndürmeye	سوندیرمگە سویوندیرمگە
vurup	اوروب ووروب
vurur	اورور وورور
vuruyor	اورویور وورویور
sular	صولر صولار
tokatlar	طوقاتلر طوقاتلار
tokada	طوقادە طوقاتە
parçalar	پارچەلر پارچەلار
selâmlar	سلاملر سلاملار
kumaşları	قماشلری قوماشلری
çarşı	چارشو چارشی
çarşıda	چارشودە چارشیدە
tavus	طاووس طاؤس
terâzinin	ترازونڭ ترازینڭ
pusula	پوصلە پوصولە
küre	كُرە كُورَە
numara	نومرە نومرو
numarası	نومرەسی نومروسی
mikrop	میكروپ میقروپ
mikroptan	میكروپدن میقروپدن
ayının	آیینڭ آینڭ
olmaya	اولمغە اولمەیە
mihenk	مهنك مَحَكْ
beter	بَدْتَرْ بتر
